matches_played,win_rate,avg_kills,avg_deaths,avg_assists,accuracy,headshot_rate,avg_damage,playtime_hours,recent_win_rate,performance
122,51.81,5.06,15.69,6.0,73.21,48.63,169.39,361.79,52.88,LOW
290,74.2,17.39,17.25,9.83,66.88,16.99,234.11,105.66,69.89,HIGH
126,68.99,12.11,7.72,4.66,79.64,35.92,376.36,58.2,65.67,HIGH
91,48.39,20.88,10.56,11.9,42.23,19.82,396.22,471.39,51.57,LOW
208,26.24,6.86,18.53,2.26,51.57,38.7,165.82,145.12,42.45,LOW
40,39.78,16.76,17.1,8.04,60.93,41.07,311.22,429.61,56.12,LOW
122,54.79,14.62,19.77,8.6,50.21,36.94,409.66,434.48,54.23,MEDIUM
141,59.84,17.85,16.31,8.88,73.48,34.58,429.23,390.81,62.37,MEDIUM
234,39.18,6.3,10.9,3.2,81.36,45.7,405.26,101.04,33.07,MEDIUM
107,32.66,16.6,13.86,11.39,59.07,13.15,278.23,414.46,27.59,LOW
119,70.92,16.23,14.92,3.81,55.4,23.24,187.41,389.24,81.38,MEDIUM
171,79.14,16.21,6.18,8.23,83.27,19.93,320.84,306.43,90.0,HIGH
150,53.91,17.07,13.17,4.23,60.02,49.52,201.5,181.86,46.94,LOW
169,34.44,18.53,15.64,5.07,62.01,25.58,529.05,146.0,36.87,MEDIUM
277,39.98,21.1,7.51,7.46,55.82,39.3,340.07,78.51,37.55,MEDIUM
211,26.01,10.4,16.71,6.17,80.93,37.39,276.9,264.68,34.65,LOW
296,75.29,21.5,13.76,3.6,65.6,18.48,456.52,300.93,71.4,HIGH
180,31.48,14.97,19.28,3.71,74.3,19.56,349.18,192.48,12.21,MEDIUM
41,56.71,6.54,5.64,6.18,76.53,21.25,274.01,248.17,66.75,MEDIUM
272,40.07,6.17,8.98,9.57,55.38,26.45,474.79,194.49,37.04,LOW
255,55.48,11.68,14.02,10.98,59.52,19.37,496.86,327.68,53.49,MEDIUM
68,60.83,20.7,9.45,2.84,78.18,10.79,419.2,452.6,65.18,HIGH
78,70.64,19.15,15.72,5.93,56.35,45.18,168.79,98.68,74.16,HIGH
189,36.35,20.77,16.39,3.0,75.73,48.62,376.53,203.08,40.91,MEDIUM
207,25.6,15.35,6.54,2.17,82.34,23.66,455.32,87.62,10.0,LOW
290,32.53,13.8,12.71,8.62,68.04,23.54,204.6,319.97,38.09,MEDIUM
209,74.5,7.95,12.63,8.02,73.37,10.28,241.47,369.86,55.41,MEDIUM
194,73.06,11.56,10.54,3.63,76.23,37.21,503.0,467.32,80.76,MEDIUM
70,57.86,13.68,18.99,4.34,78.03,43.02,158.05,153.86,69.04,HIGH
74,58.03,6.77,17.41,2.24,57.78,15.86,451.09,476.1,44.34,MEDIUM
263,61.58,9.41,15.46,10.35,42.31,16.39,339.51,50.37,64.86,MEDIUM
150,34.65,16.96,15.71,11.75,58.08,41.6,328.71,309.45,45.22,MEDIUM
154,75.29,19.71,11.93,3.35,70.32,34.65,152.84,47.42,70.8,HIGH
40,48.03,24.97,18.81,4.31,60.27,11.79,477.76,449.01,54.77,HIGH
186,46.07,23.66,15.42,10.68,73.7,34.9,293.93,274.31,18.22,HIGH
293,53.54,17.85,15.93,11.26,56.06,22.36,366.31,341.29,64.52,MEDIUM
108,27.58,13.42,17.93,6.2,68.56,24.75,420.92,419.16,27.88,MEDIUM
33,34.15,17.72,9.11,2.51,48.39,40.79,431.05,92.15,31.57,LOW
261,65.59,20.71,17.11,2.39,73.72,42.44,532.39,38.52,75.43,HIGH
284,29.55,7.37,7.93,7.74,64.56,26.01,362.54,441.86,46.85,LOW
72,58.17,13.2,10.18,5.93,49.18,47.89,309.89,171.17,63.03,LOW
111,38.49,21.8,10.03,2.29,53.14,26.26,531.48,81.91,54.58,MEDIUM
283,46.41,12.68,19.68,7.83,73.69,40.87,406.84,244.86,30.88,MEDIUM
54,40.88,16.44,17.85,2.11,61.72,29.36,269.26,307.19,47.54,MEDIUM
225,44.56,16.76,15.52,9.87,49.72,45.9,200.59,34.87,43.24,LOW
100,64.55,8.69,15.91,5.06,83.53,46.31,487.02,151.95,56.67,MEDIUM
69,41.34,12.24,13.43,2.4,72.18,13.5,294.87,35.74,22.05,MEDIUM
21,56.15,11.69,19.21,7.88,83.07,47.46,414.19,221.76,62.27,MEDIUM
73,51.18,5.52,12.44,5.98,59.22,43.02,338.33,449.65,59.94,MEDIUM
125,61.5,5.48,10.71,11.74,61.38,41.65,229.57,491.67,74.92,LOW
279,76.53,21.63,7.45,7.44,80.41,18.04,390.67,325.78,88.29,HIGH
210,65.29,10.46,16.79,4.75,63.63,42.2,174.27,97.59,57.57,MEDIUM
237,36.82,15.36,16.02,9.09,71.83,44.01,315.34,454.81,49.73,MEDIUM
63,26.72,10.97,10.77,4.71,51.35,21.57,368.65,267.8,40.68,LOW
181,39.42,23.81,5.38,11.04,60.1,48.09,324.42,93.8,36.82,LOW
221,57.73,10.19,17.58,5.75,45.56,11.99,449.47,462.43,58.01,LOW
289,27.83,13.59,5.17,7.5,49.27,16.0,481.17,383.59,18.49,LOW
290,52.3,22.45,15.56,2.51,40.04,31.5,458.5,371.22,67.11,MEDIUM
234,57.83,21.84,19.55,6.26,41.77,33.03,165.53,360.41,42.71,MEDIUM
271,43.38,8.72,11.56,10.32,83.98,35.81,227.65,116.16,48.73,MEDIUM
209,67.4,21.05,8.52,10.06,50.91,10.68,364.64,121.28,61.43,HIGH
232,30.86,14.16,15.57,4.24,69.85,48.41,523.93,350.38,19.78,MEDIUM
227,29.13,14.66,17.26,4.26,77.76,11.78,483.98,125.47,10.39,MEDIUM
256,65.05,7.67,13.2,10.17,64.78,15.72,487.01,230.56,62.9,HIGH
72,52.25,6.61,19.51,11.3,46.89,10.56,271.28,395.36,39.61,LOW
299,62.86,19.56,5.78,2.95,72.77,32.67,321.78,396.3,63.43,MEDIUM
236,48.92,14.93,12.57,6.5,67.01,47.29,338.28,237.57,66.61,MEDIUM
271,38.55,13.74,15.78,5.37,72.91,36.64,212.95,400.25,40.55,LOW
207,70.05,19.59,17.94,10.71,74.64,42.91,162.43,422.54,90.0,HIGH
60,68.97,20.31,7.69,2.84,83.89,10.53,528.76,334.29,59.15,HIGH
176,63.21,8.18,17.0,4.11,65.81,31.68,246.29,129.64,50.4,MEDIUM
34,39.97,17.2,13.29,9.52,55.37,28.38,245.98,151.53,29.7,LOW
84,57.46,7.71,10.95,2.51,69.18,29.96,183.35,171.12,56.81,MEDIUM
28,44.85,20.03,6.98,6.93,43.08,12.89,521.4,76.07,72.08,MEDIUM
148,30.04,18.14,17.98,6.42,80.38,37.38,381.89,151.12,13.42,MEDIUM
155,75.45,24.13,7.36,5.34,45.37,30.13,416.81,120.57,81.65,HIGH
82,32.53,6.38,9.65,5.95,54.75,40.61,514.63,238.56,25.53,LOW
158,77.26,6.14,9.35,7.3,76.71,29.41,288.25,456.05,75.03,MEDIUM
100,49.53,10.64,18.07,3.61,66.88,15.98,398.6,70.15,36.95,MEDIUM
182,35.18,10.23,15.09,7.72,57.71,35.93,165.52,365.73,43.97,LOW
280,54.8,9.94,16.95,10.05,61.3,16.9,224.71,349.9,54.37,MEDIUM
250,73.01,23.13,8.76,9.6,78.45,44.9,482.5,65.96,83.89,HIGH
60,65.27,9.99,14.37,3.54,55.3,34.52,456.71,462.83,67.02,MEDIUM
47,69.36,10.44,13.58,3.49,79.13,16.29,290.26,292.87,50.04,MEDIUM
154,61.23,20.19,17.49,4.68,43.97,48.49,300.72,194.59,72.2,MEDIUM
220,63.08,13.99,18.59,5.61,74.96,30.73,363.42,383.14,42.95,MEDIUM
287,71.71,20.53,5.18,6.08,78.14,12.92,150.1,143.54,53.01,MEDIUM
52,38.73,6.31,15.11,8.8,48.18,35.07,246.5,352.88,29.56,MEDIUM
67,51.92,14.75,5.78,2.57,59.37,20.13,233.29,39.06,42.88,MEDIUM
81,37.17,5.67,13.23,2.35,47.45,42.15,250.19,422.92,51.13,LOW
235,79.32,6.25,9.31,5.92,71.8,42.71,472.36,235.12,77.61,HIGH
118,76.92,23.13,9.6,8.97,64.09,49.16,261.87,325.61,89.4,MEDIUM
191,27.17,7.78,10.29,3.93,68.59,30.07,226.61,126.19,21.49,LOW
233,63.81,15.65,14.32,8.42,48.84,28.2,351.71,345.0,66.98,LOW
54,75.89,13.22,10.01,4.6,49.53,40.14,496.26,390.68,80.63,HIGH
246,34.93,11.95,15.99,10.86,41.87,15.3,246.54,247.14,41.89,LOW
120,56.24,23.0,11.07,10.96,54.49,31.88,181.41,316.51,51.59,MEDIUM
150,75.35,5.44,6.03,4.97,65.19,31.85,292.56,239.04,71.57,MEDIUM
276,26.87,18.28,16.76,4.3,78.61,13.58,449.06,449.16,23.89,MEDIUM
24,63.36,24.27,9.29,6.11,70.01,26.72,370.28,258.98,46.83,HIGH
237,41.35,16.2,11.49,4.41,59.59,44.13,476.72,424.07,40.52,MEDIUM
274,75.84,23.74,15.28,8.72,82.89,44.25,533.84,404.65,72.0,HIGH
226,78.41,6.05,9.99,10.26,72.37,13.97,467.06,217.04,84.21,MEDIUM
34,76.93,13.38,5.85,8.73,81.86,13.63,391.52,130.44,77.85,HIGH
61,51.08,10.2,10.61,10.24,63.74,20.51,347.34,214.92,64.45,LOW
198,72.41,19.62,19.17,5.97,51.65,44.99,166.03,416.58,73.11,MEDIUM
82,71.45,24.63,14.63,3.56,42.38,15.16,543.73,129.26,65.83,MEDIUM
250,42.55,10.13,15.07,9.38,72.67,38.8,303.39,271.73,43.13,MEDIUM
260,70.59,18.08,14.48,5.6,45.46,14.05,210.89,406.93,77.83,MEDIUM
71,27.04,8.96,7.98,8.71,53.62,34.93,416.68,189.67,10.0,LOW
115,57.79,16.31,11.28,4.71,63.96,24.24,263.72,328.26,50.64,MEDIUM
241,37.65,14.28,16.26,2.81,65.4,41.56,384.31,137.9,30.71,LOW
250,31.63,24.44,6.52,11.93,67.03,19.35,384.71,72.45,35.74,MEDIUM
256,29.23,17.17,9.17,3.56,47.48,35.57,328.29,401.3,34.51,MEDIUM
162,63.3,11.99,9.14,11.88,57.09,19.43,484.45,67.5,64.31,HIGH
190,43.69,7.28,11.48,11.77,67.77,38.55,255.99,150.26,18.91,LOW
48,64.86,8.02,19.71,9.94,83.64,44.95,329.45,430.45,48.34,MEDIUM
55,28.59,9.51,6.01,8.59,72.74,15.07,365.08,186.31,26.21,LOW
32,42.34,10.02,12.78,7.78,81.52,44.66,415.45,487.06,37.33,MEDIUM
179,54.67,22.01,7.69,10.66,74.3,33.74,463.59,490.27,54.73,HIGH
206,68.49,16.22,19.56,4.89,66.63,15.08,307.92,148.77,63.8,MEDIUM
262,42.53,15.47,6.7,6.68,48.64,27.1,408.42,39.67,57.85,MEDIUM
105,59.42,7.3,11.05,8.19,70.0,16.43,210.24,358.43,36.48,MEDIUM
85,73.73,22.2,16.07,6.11,68.05,38.01,523.06,236.47,76.76,HIGH
189,58.87,19.46,15.57,6.27,67.11,40.35,303.22,68.36,67.15,HIGH
64,37.81,6.35,11.34,5.3,62.04,14.23,441.81,359.61,44.83,LOW
81,26.34,19.16,10.2,7.64,63.79,30.25,158.14,34.96,34.21,MEDIUM
153,72.86,15.87,10.96,10.51,55.05,42.59,232.07,437.69,82.17,LOW
47,26.17,6.63,8.96,4.02,63.37,47.45,344.83,86.55,20.13,LOW
127,73.11,14.17,8.08,11.34,48.89,30.54,501.3,81.11,62.09,HIGH
63,54.09,14.69,12.25,8.89,76.23,48.01,360.9,104.32,33.74,MEDIUM
147,76.65,8.32,9.03,10.23,48.36,31.43,521.95,480.93,73.02,HIGH
250,68.93,23.91,9.31,7.56,43.82,25.77,343.52,352.72,61.16,HIGH
209,79.89,22.0,14.85,9.8,59.63,43.93,346.18,404.66,90.0,HIGH
244,44.29,18.38,19.53,2.16,69.62,29.72,197.9,210.86,41.41,LOW
140,67.2,14.25,14.05,10.18,59.7,28.88,471.06,181.43,56.89,MEDIUM
135,47.11,13.24,6.15,2.4,52.45,29.61,248.79,132.55,35.22,MEDIUM
252,51.39,18.02,6.13,10.9,65.12,43.87,509.84,250.71,71.28,HIGH
278,59.51,15.91,19.27,11.92,55.62,43.28,514.33,284.88,59.29,HIGH
217,73.05,6.25,9.46,4.94,81.98,26.14,527.32,323.25,65.24,HIGH
156,79.12,15.25,6.38,4.1,81.52,23.33,358.09,143.42,80.37,HIGH
184,67.26,21.13,13.99,9.65,62.61,29.68,420.84,475.35,86.22,HIGH
244,47.98,14.18,14.35,4.53,54.75,32.91,461.41,101.48,44.08,MEDIUM
253,48.17,6.04,14.73,10.66,73.17,19.53,202.41,483.51,55.04,LOW
191,65.57,20.73,9.01,3.03,41.65,41.76,390.38,27.13,77.43,HIGH
171,38.13,9.03,5.23,3.26,61.36,29.46,163.72,250.94,19.22,LOW
179,31.08,10.17,19.48,11.79,55.13,23.36,349.03,180.02,24.69,LOW
115,44.5,8.29,8.76,8.74,81.42,14.27,211.94,235.58,55.12,MEDIUM
252,40.8,11.6,15.14,10.47,40.54,19.55,223.17,293.92,33.81,LOW
199,41.3,20.14,15.6,5.24,64.88,47.97,296.02,229.08,45.44,HIGH
132,37.85,15.39,14.15,8.76,73.33,22.2,322.97,219.13,30.26,MEDIUM
71,27.32,9.1,9.69,7.94,61.83,16.75,399.27,371.71,22.86,MEDIUM
287,25.98,22.56,9.07,8.03,43.84,28.43,179.77,349.22,20.31,LOW
132,79.32,22.59,13.97,8.83,83.76,22.28,351.48,419.97,85.69,HIGH
120,48.53,22.41,17.99,7.75,63.31,11.41,223.05,139.98,50.54,MEDIUM
132,46.14,9.78,19.2,6.29,67.64,22.93,379.59,312.57,47.13,LOW
100,62.38,14.02,6.59,4.76,50.65,31.76,404.96,300.89,87.46,MEDIUM
206,37.0,24.7,7.32,9.69,61.76,32.07,372.68,197.47,54.4,MEDIUM
132,77.25,20.44,19.17,4.26,59.31,24.26,445.32,253.31,57.44,HIGH
21,68.25,5.54,16.05,8.92,43.37,27.89,284.24,170.62,63.81,MEDIUM
149,29.92,6.3,18.24,4.33,44.78,48.62,456.04,88.09,54.18,LOW
239,47.97,14.28,8.04,8.25,77.69,25.09,323.11,122.62,42.22,MEDIUM
73,73.35,23.18,13.81,9.47,50.79,20.33,343.67,70.65,90.0,HIGH
243,76.96,15.77,15.52,4.19,48.77,19.74,409.24,347.87,72.7,HIGH
244,50.71,14.96,15.2,2.6,62.72,28.31,157.34,337.15,48.37,MEDIUM
145,58.74,7.11,11.12,3.31,74.59,40.38,411.6,476.29,67.37,MEDIUM
149,34.19,18.14,5.23,8.06,42.79,18.24,397.43,370.25,33.28,MEDIUM
72,79.51,21.44,13.74,10.49,65.96,38.37,273.94,44.98,84.46,HIGH
191,37.74,12.61,8.8,2.45,45.36,10.85,184.32,444.44,53.49,LOW
237,76.85,20.51,11.75,9.34,41.64,26.76,186.37,434.08,84.44,MEDIUM
179,60.73,24.29,19.36,5.41,42.37,41.03,519.29,232.79,62.15,MEDIUM
217,58.43,9.08,10.99,6.79,77.54,23.55,425.71,301.21,75.16,HIGH
266,53.2,15.47,17.6,11.29,45.31,32.55,200.84,488.52,61.96,HIGH
222,37.69,10.74,7.83,5.32,42.03,18.2,292.69,275.51,30.35,LOW
203,34.71,20.86,15.09,6.65,59.71,39.68,386.99,454.55,54.51,HIGH
142,37.13,16.55,19.66,2.14,77.98,12.09,484.23,59.86,43.55,MEDIUM
274,35.25,17.69,6.53,2.82,51.81,44.1,167.46,111.7,33.12,LOW
299,67.88,20.96,5.12,4.59,58.98,17.93,244.65,231.56,47.67,HIGH
117,44.26,12.92,11.5,2.28,41.8,44.98,505.9,300.68,30.48,LOW
217,28.18,23.3,6.39,8.31,60.21,24.1,153.67,411.79,45.18,MEDIUM
259,78.3,15.66,16.23,6.26,65.99,38.91,230.56,494.37,90.0,HIGH
163,73.61,8.16,18.72,7.48,65.69,22.77,533.61,206.65,74.46,MEDIUM
116,76.03,18.92,11.51,3.75,54.96,46.24,395.36,42.76,58.32,HIGH
220,79.72,20.87,8.88,4.96,54.2,15.07,254.67,404.56,68.85,HIGH
143,34.56,11.34,11.52,8.64,44.8,17.14,176.8,310.1,18.33,LOW
206,46.79,22.14,15.85,11.65,56.51,29.72,161.28,115.3,30.19,LOW
278,66.7,23.12,5.14,2.5,44.48,13.28,247.9,257.52,86.97,LOW
167,63.28,10.54,13.84,10.9,74.5,17.84,502.59,376.31,83.88,HIGH
271,33.46,24.67,14.2,7.77,83.48,47.75,316.37,389.8,22.26,HIGH
166,69.87,7.81,14.57,7.64,83.65,49.06,438.13,259.82,69.78,MEDIUM
167,37.34,9.04,8.63,7.0,78.93,25.05,517.31,166.5,24.5,MEDIUM
218,37.31,8.68,15.71,2.69,67.04,46.93,313.22,487.4,37.16,MEDIUM
147,54.53,22.88,6.37,2.9,71.54,31.79,226.51,338.41,70.93,MEDIUM
58,57.61,18.09,7.99,8.01,52.83,20.79,356.85,215.95,68.4,HIGH
148,56.9,8.04,18.16,5.41,68.38,38.1,513.23,154.62,64.99,MEDIUM
286,30.03,13.81,16.08,11.17,60.5,36.36,471.75,370.93,28.09,HIGH
170,73.26,17.31,5.21,6.07,61.69,49.57,176.33,136.25,85.88,MEDIUM
118,39.61,6.67,8.73,3.43,74.1,20.6,427.03,102.42,46.07,LOW
282,32.12,22.65,8.22,9.15,52.69,36.88,378.76,274.32,36.16,MEDIUM
271,73.88,21.07,9.06,4.93,54.31,12.08,512.99,159.19,72.73,HIGH
163,77.56,15.1,8.71,7.25,81.61,14.55,198.99,321.87,80.74,HIGH
131,72.42,24.34,5.94,8.98,42.53,10.16,363.61,76.61,75.3,HIGH
79,69.52,13.36,11.88,11.0,61.85,49.98,501.79,334.37,64.11,HIGH
21,61.04,24.68,15.99,9.92,81.08,42.09,314.01,155.98,53.29,HIGH
273,55.3,18.36,14.1,8.76,67.47,41.47,342.8,20.12,45.33,MEDIUM
159,29.78,17.69,15.09,8.8,64.59,30.39,178.18,80.93,20.46,LOW
56,47.46,8.32,6.22,11.46,51.24,22.0,261.26,468.14,45.58,MEDIUM
179,45.5,22.64,19.27,4.96,55.45,16.05,279.8,436.33,41.97,MEDIUM
28,39.29,13.55,17.58,2.01,78.34,21.39,528.05,132.13,33.08,HIGH
252,64.79,8.24,17.08,4.72,65.16,25.04,263.07,393.62,57.84,MEDIUM
118,52.27,5.25,17.34,4.18,63.16,40.25,334.35,312.11,55.19,MEDIUM
166,29.46,16.2,18.99,8.62,44.48,31.59,418.52,486.03,43.23,MEDIUM
227,37.11,15.55,13.16,8.34,40.72,13.1,214.87,199.33,37.0,LOW
150,62.58,19.39,8.0,7.93,83.37,10.72,344.58,347.1,61.82,HIGH
171,29.19,22.81,14.25,2.16,56.96,14.09,445.42,50.5,19.84,LOW
73,71.82,6.59,16.14,9.29,67.14,26.42,496.74,210.2,69.59,MEDIUM
139,52.23,19.63,16.07,5.24,43.59,47.33,400.5,482.63,64.14,MEDIUM
180,51.43,8.75,12.82,8.65,70.74,35.5,417.62,278.71,61.81,MEDIUM
135,57.58,22.16,6.03,7.57,81.97,42.07,200.51,158.18,67.26,MEDIUM
94,70.36,21.38,10.57,5.43,65.9,28.65,528.31,77.73,79.72,HIGH
132,44.13,15.82,18.81,3.35,45.68,24.47,203.03,357.69,48.5,MEDIUM
123,62.29,19.2,13.77,2.94,66.18,14.34,459.87,329.53,66.3,HIGH
273,56.12,11.29,13.07,10.32,74.49,45.04,255.93,199.49,58.56,MEDIUM
246,39.69,14.42,9.03,11.18,58.29,41.33,523.44,476.45,35.52,MEDIUM
131,73.32,21.43,10.53,8.5,79.59,16.72,437.98,30.66,74.16,HIGH
118,68.86,14.19,18.43,3.03,69.19,30.49,451.53,165.79,71.01,MEDIUM
172,61.21,12.16,15.0,6.02,80.47,29.49,237.62,462.11,67.55,MEDIUM
213,71.78,14.88,16.81,9.29,68.06,35.0,327.22,174.05,72.78,MEDIUM
182,72.7,21.56,11.82,9.8,45.91,47.85,397.13,141.08,90.0,HIGH
227,63.96,11.7,14.45,3.18,53.94,33.19,457.99,276.43,51.86,LOW
188,71.04,8.48,8.73,2.0,49.08,31.61,191.58,415.42,78.58,LOW
180,63.36,19.24,15.58,9.12,80.9,12.01,534.95,69.51,62.95,HIGH
87,62.41,21.52,11.41,5.57,74.22,12.52,506.09,472.65,62.43,HIGH
296,59.02,7.01,11.64,4.54,70.44,17.49,258.14,401.63,50.9,LOW
154,66.4,9.8,14.74,2.13,53.54,11.3,479.1,107.0,76.59,LOW
214,33.72,7.84,19.04,7.4,48.28,39.73,357.33,361.76,40.25,LOW
147,73.45,11.96,5.96,10.51,74.04,38.93,334.72,204.78,81.78,HIGH
52,72.95,14.01,17.37,11.58,61.34,15.44,275.77,213.1,74.64,MEDIUM
195,26.61,19.98,9.39,7.66,50.16,43.44,382.39,395.98,23.36,LOW
41,70.42,18.02,11.66,7.14,67.75,16.19,441.96,482.14,69.75,HIGH
257,32.09,17.42,5.33,2.85,41.82,22.05,314.37,80.79,36.42,LOW
177,43.43,12.05,9.52,7.49,54.68,19.96,401.69,221.9,23.38,MEDIUM
57,65.89,21.83,12.54,5.8,61.09,24.89,429.73,250.85,74.62,HIGH
249,33.84,14.43,5.84,8.07,46.66,20.19,434.45,200.63,58.1,LOW
70,69.99,24.58,12.37,5.89,84.31,29.56,170.79,194.33,74.79,HIGH
283,70.77,17.68,18.91,4.4,49.41,26.3,493.9,45.09,67.96,HIGH
46,52.91,7.53,6.58,2.95,45.87,49.46,333.3,349.06,51.3,MEDIUM
245,25.35,18.52,16.47,5.15,49.16,12.24,254.97,229.38,32.43,LOW
296,40.79,11.5,11.15,2.97,74.61,15.69,246.71,113.5,38.2,MEDIUM
116,58.93,18.73,14.83,3.77,59.15,12.11,343.21,411.7,67.62,HIGH
166,78.97,6.39,8.9,11.87,65.44,35.03,504.73,405.23,77.22,HIGH
23,59.75,8.5,7.39,6.44,40.95,12.18,301.34,253.47,76.89,MEDIUM
54,39.29,22.11,7.41,7.32,41.55,43.46,449.89,163.26,56.16,LOW
211,59.87,9.54,6.06,10.74,60.06,30.48,188.73,326.28,56.57,LOW
68,54.7,21.74,7.78,11.96,76.75,31.08,340.42,158.31,53.89,HIGH
36,67.89,10.59,14.96,7.83,79.84,32.46,546.67,133.28,67.67,HIGH
191,30.88,17.86,18.23,10.12,43.9,16.83,458.18,370.65,30.79,MEDIUM
239,66.86,18.88,17.21,5.27,64.23,17.91,234.21,39.36,57.38,MEDIUM
177,54.77,15.25,15.28,5.06,81.1,22.75,350.58,65.49,43.9,LOW
65,77.96,11.11,6.66,6.03,57.46,33.74,243.45,23.26,90.0,MEDIUM
25,43.8,9.25,9.34,8.73,77.33,18.4,313.82,93.41,54.7,MEDIUM
118,59.79,5.66,9.65,8.82,46.02,14.65,462.03,53.12,70.52,LOW
252,76.26,11.08,8.75,5.15,82.09,48.8,458.49,497.99,75.57,MEDIUM
56,30.64,18.06,12.73,3.33,73.81,10.88,241.24,158.63,49.56,MEDIUM
299,76.55,23.77,13.03,8.32,82.36,42.11,518.89,91.65,76.32,HIGH
200,62.83,22.42,10.35,3.28,70.45,41.52,387.03,135.68,71.46,HIGH
114,28.73,20.32,10.31,7.78,56.35,21.89,301.97,469.34,14.84,MEDIUM
118,41.55,20.77,17.43,8.93,82.22,15.43,350.77,269.68,39.26,MEDIUM
207,63.95,18.3,16.84,9.01,52.4,15.83,392.03,195.11,62.39,HIGH
135,28.7,10.21,9.62,9.53,54.95,37.9,373.96,439.23,28.05,LOW
210,57.02,23.14,18.71,10.73,71.54,35.71,344.56,209.6,43.76,MEDIUM
272,44.02,18.41,19.29,7.0,74.44,41.31,351.97,180.8,51.06,HIGH
180,59.15,16.21,9.9,9.3,81.82,47.5,220.56,119.5,69.44,MEDIUM
275,27.52,7.22,10.32,8.19,49.22,37.68,475.09,201.34,20.08,LOW
147,72.93,13.94,12.58,3.87,75.91,16.23,366.7,172.01,61.46,HIGH
37,78.54,14.21,19.12,2.26,73.23,19.74,202.43,345.11,70.85,MEDIUM
300,78.29,22.29,18.14,4.85,42.87,43.69,456.46,159.0,83.24,HIGH
242,66.23,15.93,6.54,6.43,57.43,18.37,522.98,297.06,60.26,HIGH
73,32.15,12.61,10.89,8.17,52.72,12.9,528.92,51.63,30.81,LOW
77,66.7,24.54,13.3,10.5,53.7,38.13,297.61,111.82,55.97,HIGH
193,26.35,7.21,12.55,3.96,84.23,26.1,204.21,215.55,46.15,LOW
299,26.22,13.45,7.91,3.26,68.92,46.8,357.36,469.74,26.95,MEDIUM
133,42.8,5.84,17.88,11.63,72.3,36.01,195.04,201.08,54.3,MEDIUM
170,51.88,19.8,15.15,3.08,83.95,13.62,523.59,338.76,56.81,HIGH
146,67.37,23.36,17.57,6.78,56.97,47.91,223.43,142.44,66.95,HIGH
174,62.58,10.6,17.88,7.86,76.08,20.34,251.11,80.98,61.64,MEDIUM
292,49.52,22.17,16.23,7.41,59.55,23.49,312.65,48.1,42.27,HIGH
123,40.05,10.84,11.59,2.86,79.13,26.09,303.27,166.6,35.54,MEDIUM
265,79.84,23.22,14.16,2.57,48.13,12.05,467.87,95.68,69.76,HIGH
195,48.44,20.08,7.41,3.05,82.65,29.86,332.53,103.53,37.27,HIGH
58,49.83,21.1,15.1,7.86,49.84,14.93,218.31,385.16,70.69,MEDIUM
189,34.0,5.36,7.69,7.44,54.68,26.04,256.88,27.6,36.79,LOW
266,68.71,24.26,15.41,4.34,74.03,24.03,353.65,287.75,83.37,HIGH
45,63.15,19.53,8.44,8.38,57.72,40.91,208.98,202.14,55.21,HIGH
32,37.14,11.1,6.76,10.2,67.37,42.13,394.66,263.14,24.63,LOW
55,29.53,21.59,7.48,2.42,60.01,16.14,376.3,290.16,19.75,MEDIUM
192,62.43,10.63,5.03,6.98,73.41,24.66,435.88,170.42,58.21,HIGH
39,61.0,22.46,15.78,8.89,50.27,24.93,525.08,161.65,61.36,HIGH
283,40.03,7.25,15.99,4.52,42.63,16.06,514.9,372.03,38.52,LOW
161,77.3,19.07,12.72,5.08,53.5,41.94,528.43,438.21,69.57,HIGH
162,33.31,15.81,7.42,8.14,61.34,38.29,247.89,112.44,34.19,LOW
111,48.78,6.93,6.25,10.98,47.56,17.62,202.63,66.86,50.53,LOW
234,76.9,9.84,5.29,10.1,55.97,24.67,270.91,450.94,83.92,MEDIUM
70,48.09,5.25,7.49,7.83,58.0,14.23,508.03,187.95,62.79,LOW
172,60.12,14.38,18.36,9.3,42.58,35.13,538.82,284.63,56.48,MEDIUM
205,46.87,11.03,8.62,5.65,66.25,14.85,493.73,192.58,59.02,HIGH
82,40.08,16.97,10.31,8.41,79.8,49.44,194.01,80.39,40.74,MEDIUM
209,79.12,10.94,6.58,6.66,46.83,41.23,528.97,302.88,63.85,MEDIUM
144,47.51,11.0,8.34,3.9,66.9,25.61,319.34,272.07,65.35,MEDIUM
169,74.18,19.86,12.79,9.02,69.91,33.14,153.72,117.44,90.0,HIGH
77,37.65,5.96,14.12,7.56,58.87,46.45,326.96,236.9,43.84,LOW
199,36.72,23.06,8.68,5.59,71.55,32.16,168.43,402.53,37.62,MEDIUM
189,26.71,22.05,5.87,11.11,58.48,16.98,367.55,303.4,24.0,LOW
290,60.84,18.36,10.87,2.21,62.71,25.15,285.42,66.52,56.2,MEDIUM
73,45.27,16.86,8.51,5.16,40.33,43.73,339.37,283.05,57.38,MEDIUM
120,72.54,22.85,8.29,2.57,71.13,35.77,395.27,357.31,72.37,HIGH
283,51.03,8.71,19.4,9.67,69.76,36.03,497.52,400.5,67.77,MEDIUM
72,78.25,6.58,14.24,9.02,41.73,44.67,414.76,321.98,78.6,MEDIUM
79,35.2,9.79,13.35,5.31,56.57,45.76,323.62,93.28,31.08,LOW
127,72.77,20.89,11.24,8.76,84.06,46.79,477.77,360.88,66.76,HIGH
24,67.71,5.69,11.43,5.96,58.93,13.79,512.23,345.12,60.28,MEDIUM
122,67.4,16.66,13.11,9.56,62.59,31.77,197.9,31.72,72.54,HIGH
215,71.46,24.91,15.45,6.54,80.95,39.62,362.77,217.64,58.52,HIGH
281,66.86,22.11,15.53,6.12,72.28,40.28,263.8,179.82,58.67,HIGH
66,59.44,15.43,7.58,11.35,66.19,34.27,168.82,341.32,72.69,MEDIUM
163,32.22,6.27,12.5,4.51,75.9,16.67,417.42,123.75,22.67,MEDIUM
288,26.79,21.63,11.18,3.2,78.9,41.9,495.11,303.62,35.42,MEDIUM
143,75.65,16.98,18.06,7.85,60.56,38.8,215.16,458.34,55.02,LOW
125,58.92,7.3,14.47,11.69,61.38,13.45,474.97,402.95,73.42,HIGH
177,68.81,6.88,12.99,5.78,57.37,28.55,491.36,462.3,56.11,MEDIUM
166,51.48,23.19,6.73,2.62,83.5,16.96,515.74,489.68,42.72,HIGH
164,31.45,18.38,14.08,5.39,71.37,23.5,256.11,25.12,38.26,LOW
139,31.89,21.59,6.76,7.06,43.75,10.72,511.58,318.92,34.59,MEDIUM
294,62.71,22.58,10.06,3.62,78.83,26.01,278.27,218.16,71.66,MEDIUM
111,48.67,16.44,7.14,8.58,61.63,32.0,370.94,432.73,35.88,MEDIUM
77,36.03,15.35,15.38,11.98,43.09,34.78,170.2,140.87,33.16,LOW
248,52.04,13.61,8.09,6.52,64.74,36.54,167.55,490.89,45.87,LOW
136,28.53,11.34,10.88,5.55,58.77,43.45,438.15,314.58,17.43,LOW
298,57.01,13.69,18.44,6.01,79.5,18.62,327.79,400.9,62.97,HIGH
146,39.79,20.48,8.06,3.15,49.18,14.82,252.52,61.09,49.23,MEDIUM
148,68.87,17.04,12.62,10.83,77.19,44.06,226.17,108.06,65.5,MEDIUM
77,42.07,22.85,11.29,6.15,65.1,16.26,417.98,384.03,57.3,HIGH
141,50.04,13.87,5.27,5.87,42.46,48.99,150.16,30.55,42.18,LOW
20,25.64,17.14,16.89,8.6,83.73,43.7,472.36,412.1,40.62,LOW
258,28.98,17.63,6.04,6.42,63.07,30.04,181.7,26.7,34.61,LOW
115,46.59,16.83,12.11,8.48,53.09,49.26,226.6,335.42,34.35,MEDIUM
145,51.4,19.05,13.41,2.61,61.12,13.9,304.49,195.25,71.21,HIGH
137,58.0,9.75,14.43,10.14,78.6,22.12,343.94,313.52,53.56,HIGH
67,41.04,15.25,15.33,11.41,53.72,35.53,292.0,354.1,53.09,MEDIUM
108,63.22,7.08,8.8,8.49,48.67,24.0,278.28,184.39,64.68,LOW
256,72.31,12.69,5.15,11.55,45.81,47.13,535.57,71.82,76.05,HIGH
291,67.89,14.75,15.85,3.51,53.4,12.63,406.63,53.43,76.9,HIGH
208,27.18,18.04,13.03,6.77,75.1,31.98,159.37,302.69,35.64,MEDIUM
211,51.43,24.01,17.54,8.02,61.22,33.63,322.07,269.91,48.01,MEDIUM
88,30.77,17.01,17.32,7.82,50.24,36.11,500.0,376.26,36.09,MEDIUM
297,38.31,19.87,17.65,6.01,47.48,20.23,270.58,264.67,42.88,MEDIUM
266,79.27,15.13,12.28,5.38,54.97,24.58,187.82,222.77,81.4,LOW
95,32.84,17.68,10.0,3.27,82.3,43.75,453.35,211.08,30.8,HIGH
173,52.44,6.42,16.87,5.92,55.44,17.8,392.41,32.69,54.55,LOW
163,59.0,10.09,11.77,3.63,84.47,43.07,378.13,181.07,78.67,HIGH
105,63.64,12.24,7.75,9.34,61.84,32.51,171.43,488.49,60.69,LOW
204,55.78,14.45,17.82,4.09,48.06,40.49,206.2,439.31,67.85,HIGH
239,25.54,5.91,18.24,2.59,80.1,38.54,399.02,178.1,19.34,LOW
88,42.96,7.8,11.99,7.52,60.72,18.3,233.13,302.14,34.14,MEDIUM
66,53.47,10.54,6.14,7.95,71.94,32.75,351.63,426.7,86.24,HIGH
113,29.83,24.43,10.82,10.72,84.27,44.71,367.95,231.81,35.23,MEDIUM
257,44.28,11.63,17.05,7.77,42.26,27.28,263.4,28.62,49.96,MEDIUM
223,26.83,14.64,18.53,5.45,44.35,48.66,529.37,55.77,32.78,LOW
237,29.32,8.92,8.05,10.03,72.42,28.09,486.99,264.99,43.39,LOW
58,46.83,17.22,6.0,7.4,52.68,15.71,438.95,485.33,50.91,MEDIUM
119,32.3,10.61,18.16,2.79,48.29,25.58,181.2,352.74,40.46,LOW
273,56.21,9.14,10.84,7.66,41.77,48.07,192.45,54.04,45.63,LOW
241,62.92,15.33,13.13,11.08,40.98,22.79,347.11,110.89,72.76,LOW
42,69.03,5.11,19.52,5.96,74.85,44.72,214.29,390.24,66.66,MEDIUM
269,36.01,5.15,6.0,4.96,46.05,45.25,541.31,423.89,42.73,LOW
29,34.21,9.38,14.72,3.43,61.05,24.01,213.41,316.49,17.06,LOW
265,30.75,5.73,6.11,3.51,67.27,13.33,344.99,329.32,37.05,LOW
119,60.0,7.16,10.63,6.33,59.28,38.98,295.65,33.6,37.58,MEDIUM
199,63.86,11.78,17.06,7.96,41.22,22.46,405.75,417.69,61.1,MEDIUM
242,26.74,21.05,11.5,2.81,75.26,41.32,201.61,398.37,10.0,LOW
269,76.49,16.44,19.96,11.4,40.47,27.71,322.13,144.34,82.82,HIGH
166,27.86,15.25,13.39,9.55,74.29,29.41,259.88,360.16,28.55,LOW
115,54.77,10.87,9.82,7.87,80.2,41.12,505.1,123.13,47.06,HIGH
276,64.0,23.64,8.3,10.28,59.48,25.29,166.23,39.36,78.34,MEDIUM
23,72.9,12.94,10.26,2.8,64.1,27.73,515.49,116.55,63.94,HIGH
35,64.27,6.74,10.59,6.77,61.46,25.05,483.2,105.74,33.96,MEDIUM
299,69.1,17.34,6.03,8.3,57.51,24.69,269.03,182.12,74.23,MEDIUM
266,43.67,7.28,10.54,10.29,79.93,31.04,465.72,220.86,26.0,MEDIUM
277,69.82,11.9,11.96,9.83,80.23,42.35,162.49,264.1,61.17,MEDIUM
179,29.41,15.15,15.84,4.77,55.11,24.47,536.75,248.84,24.23,MEDIUM
171,74.21,22.48,14.85,11.41,67.68,30.97,360.64,149.92,59.97,HIGH
197,55.12,14.87,15.63,3.24,81.71,36.83,271.31,34.0,50.18,HIGH
182,69.95,19.05,5.13,10.75,83.29,20.78,295.03,310.45,55.9,HIGH
52,49.88,24.86,8.27,11.71,62.9,21.1,176.56,209.96,51.5,MEDIUM
198,60.4,7.63,14.93,3.77,60.38,47.34,545.74,163.36,48.11,MEDIUM
120,53.95,10.49,12.26,9.22,52.54,38.94,165.72,436.13,54.25,LOW
287,65.24,12.89,5.08,2.4,83.15,33.09,411.96,378.44,76.86,HIGH
84,29.49,13.44,17.07,6.05,46.43,35.91,327.09,431.73,37.31,LOW
187,28.32,13.22,16.59,7.16,66.09,11.17,529.57,257.59,27.5,MEDIUM
62,38.59,23.15,13.23,7.81,52.71,34.72,248.4,82.85,28.7,LOW
63,33.77,19.28,6.0,11.36,52.56,30.38,362.83,354.19,35.37,MEDIUM
31,72.95,17.16,16.5,8.72,58.22,31.83,342.94,118.92,65.99,MEDIUM
114,37.06,11.19,13.76,6.81,84.95,24.38,431.15,231.79,39.07,MEDIUM
272,78.67,21.48,16.73,10.1,42.47,13.26,177.2,51.2,61.52,HIGH
261,43.53,24.1,16.28,11.51,66.03,17.73,227.52,416.15,51.6,LOW
54,35.02,21.42,17.05,2.22,43.72,48.03,235.83,80.45,35.35,LOW
234,68.43,5.03,12.77,11.83,46.95,26.35,445.26,453.49,90.0,LOW
109,61.23,17.73,7.1,2.86,59.78,28.67,225.66,434.83,74.29,MEDIUM
283,52.4,6.02,15.07,10.14,62.97,12.11,379.4,243.0,58.06,LOW
112,55.54,10.15,14.31,4.8,51.65,11.5,236.1,377.3,54.31,MEDIUM
109,64.56,6.19,16.13,3.32,54.24,38.69,494.65,317.33,57.26,MEDIUM
134,37.57,17.08,7.55,6.4,43.91,31.52,526.87,405.48,46.99,MEDIUM
124,79.8,18.73,7.92,8.44,53.64,30.35,357.4,227.27,77.5,MEDIUM
215,78.61,7.29,18.36,5.81,83.5,19.72,290.92,397.19,90.0,HIGH
133,60.77,12.68,16.25,2.55,82.51,39.79,243.62,241.98,64.78,HIGH
94,35.97,14.12,18.62,7.99,55.07,16.73,169.91,471.66,40.05,LOW
236,62.41,12.38,16.38,11.02,65.69,17.6,257.4,253.46,68.36,LOW
296,28.97,7.42,13.96,5.83,80.93,28.43,411.69,242.06,19.77,LOW
268,26.69,13.38,14.81,4.16,40.28,21.45,363.45,396.83,16.46,LOW
183,39.17,20.02,18.34,6.43,76.48,19.9,527.62,414.36,28.61,MEDIUM
211,50.44,6.42,13.68,2.48,82.68,35.81,308.51,286.15,60.92,LOW
246,72.75,6.6,14.49,10.2,44.11,36.04,427.55,106.3,63.3,MEDIUM
196,64.99,12.1,7.35,10.26,47.27,42.98,345.73,244.52,56.78,LOW
118,65.85,23.83,12.11,7.88,83.23,26.71,355.03,484.67,71.22,HIGH
55,48.4,18.37,15.75,5.53,64.19,12.92,257.11,381.43,45.88,MEDIUM
115,44.03,18.57,9.06,10.0,40.64,20.95,331.98,409.36,40.23,MEDIUM
171,45.41,12.24,8.03,7.55,51.59,49.2,338.31,35.76,40.74,LOW
170,79.32,16.87,9.71,10.26,60.25,33.85,432.66,244.57,56.06,HIGH
209,27.21,5.2,8.62,8.31,71.18,38.39,526.26,330.38,17.54,LOW
243,72.69,17.72,8.22,9.84,72.99,10.29,281.73,418.42,84.5,HIGH
56,56.83,23.27,11.37,7.99,84.79,30.73,166.88,43.65,51.43,HIGH
287,49.12,17.25,18.62,6.14,52.94,11.5,348.52,429.17,30.12,HIGH
202,64.89,22.47,12.61,11.58,64.22,32.77,367.78,283.23,54.81,MEDIUM
32,51.77,19.48,7.82,7.41,64.0,46.83,217.38,114.71,55.37,MEDIUM
298,73.04,7.41,6.15,8.05,58.25,48.74,454.19,172.28,76.44,MEDIUM
236,74.54,23.05,15.44,4.2,47.61,31.62,543.97,155.33,71.6,HIGH
292,48.19,6.33,10.74,8.26,83.99,28.33,528.31,274.81,41.3,MEDIUM
81,40.23,15.68,17.33,7.72,78.4,47.8,228.84,44.81,26.2,MEDIUM
103,57.58,7.84,14.89,3.85,62.42,36.94,500.15,96.1,61.26,MEDIUM
236,75.18,5.23,16.94,2.6,67.15,12.6,431.8,410.09,83.56,MEDIUM
206,36.59,13.44,9.08,8.04,50.23,28.63,331.54,83.65,49.48,MEDIUM
38,59.26,10.9,15.39,9.64,64.47,19.61,366.24,132.03,48.16,MEDIUM
196,59.74,14.72,8.96,7.23,71.27,28.79,489.84,237.62,73.39,HIGH
119,65.32,16.54,19.09,4.27,63.18,28.22,342.05,268.22,64.76,MEDIUM
252,32.24,5.87,14.55,8.67,84.56,33.29,299.28,386.53,32.5,MEDIUM
95,64.37,7.46,9.87,2.8,67.51,24.27,347.3,234.72,73.31,HIGH
284,75.0,16.17,9.04,6.42,56.69,16.57,381.65,399.14,69.59,MEDIUM
225,34.88,11.86,7.86,3.63,74.75,30.15,225.63,316.81,13.24,LOW
242,38.06,19.58,15.42,3.84,47.67,43.21,510.36,74.29,45.11,MEDIUM
71,78.43,18.05,8.28,4.02,57.3,36.56,419.67,95.04,81.91,HIGH
163,34.95,21.91,13.93,5.87,55.61,23.53,403.31,229.78,31.35,MEDIUM
88,71.99,18.85,8.97,2.51,59.43,47.42,189.8,210.51,78.22,HIGH
118,52.08,13.6,14.93,5.98,75.18,46.49,391.67,376.9,60.34,MEDIUM
44,38.6,18.46,17.22,7.12,61.79,18.37,198.38,298.75,23.48,LOW
72,72.89,10.51,16.67,6.83,75.73,11.58,181.48,206.3,73.12,HIGH
170,49.49,11.13,16.41,5.83,65.94,39.65,360.92,101.96,26.72,MEDIUM
163,53.31,20.78,7.82,10.39,55.39,43.1,311.11,128.88,52.08,HIGH
76,44.76,13.93,6.33,3.45,76.45,48.71,385.52,296.24,41.03,MEDIUM
58,57.61,20.97,15.48,7.06,50.72,45.59,185.69,223.25,62.53,HIGH
128,33.99,21.45,10.53,2.62,50.1,34.02,322.39,267.17,23.26,MEDIUM
200,46.51,22.15,11.49,2.71,62.7,31.2,219.91,101.93,42.29,HIGH
61,78.32,23.33,5.47,7.74,51.74,11.11,544.84,338.2,46.16,HIGH
205,39.2,13.62,8.89,7.66,40.41,19.87,374.46,429.22,44.77,MEDIUM
242,61.12,11.38,5.51,10.78,69.17,28.38,424.97,143.81,60.24,MEDIUM
141,42.89,16.64,18.19,7.58,63.0,35.14,280.17,255.93,43.76,MEDIUM
152,67.54,12.42,8.65,11.6,60.05,32.29,187.9,488.25,52.61,MEDIUM
182,32.2,17.02,13.36,2.49,83.51,39.71,540.35,179.96,36.18,MEDIUM
234,78.34,19.11,5.58,2.98,65.7,21.19,264.5,305.62,90.0,MEDIUM
240,49.96,18.77,15.0,2.44,78.85,32.6,319.52,63.29,48.11,HIGH
254,37.98,12.49,9.85,3.85,46.28,13.53,409.95,310.89,44.48,LOW
165,29.04,8.34,18.47,7.41,65.61,26.55,159.88,63.02,20.34,LOW
258,34.34,13.61,18.32,8.46,79.06,40.01,474.1,480.43,33.57,MEDIUM
95,53.59,7.85,9.88,2.46,66.24,37.74,364.63,363.52,38.27,MEDIUM
28,43.54,22.8,18.51,11.46,72.31,49.63,261.29,398.32,51.42,MEDIUM
93,70.59,11.92,19.94,10.42,56.74,21.12,174.64,357.97,72.19,HIGH
272,48.7,8.09,17.38,4.97,44.16,29.93,215.0,303.07,36.51,LOW
249,38.68,5.51,17.67,2.77,60.61,23.18,508.01,235.96,30.66,MEDIUM
26,58.94,17.92,8.74,3.7,57.75,27.62,424.41,432.02,59.55,HIGH
193,63.87,17.74,13.65,3.27,79.02,44.28,249.96,479.28,73.11,MEDIUM
160,34.19,11.81,6.01,3.23,50.98,37.37,176.24,259.54,48.98,LOW
187,34.22,6.43,6.42,7.19,83.5,45.3,426.25,467.14,32.88,MEDIUM
189,27.02,13.19,19.98,4.46,83.12,18.14,378.96,300.0,13.37,MEDIUM
141,65.5,11.22,9.9,5.58,51.14,44.93,311.81,278.42,67.89,MEDIUM
213,61.51,18.54,16.22,11.9,55.66,12.39,295.44,238.15,79.36,MEDIUM
24,51.1,17.12,17.1,8.84,80.3,45.54,236.73,120.46,34.88,MEDIUM
48,71.43,12.29,17.87,11.49,83.5,23.16,417.84,21.79,61.88,HIGH
184,69.31,9.36,19.96,3.43,59.95,22.58,538.27,135.92,75.42,MEDIUM
155,57.19,24.76,8.62,5.82,54.44,30.48,220.29,264.67,58.73,LOW
164,72.75,14.08,5.61,7.55,63.67,47.63,388.85,202.38,67.3,HIGH
236,36.32,18.77,11.17,2.77,70.95,11.91,319.67,235.27,38.52,MEDIUM
151,31.16,7.81,6.95,2.04,52.31,24.09,328.68,490.71,40.93,LOW
89,39.84,14.71,5.34,8.7,73.14,44.26,251.66,188.13,38.85,MEDIUM
271,28.14,5.55,10.41,8.42,42.32,25.84,480.05,237.05,26.28,LOW
294,54.21,15.11,16.76,6.11,42.22,17.97,344.1,84.09,60.1,MEDIUM
201,76.51,24.28,13.49,6.9,57.38,26.99,367.36,43.02,73.81,HIGH
186,27.16,12.68,9.69,6.15,55.91,25.42,271.9,392.2,38.59,LOW
110,31.72,5.78,14.82,2.24,54.2,46.62,222.72,293.93,51.98,LOW
221,49.87,5.62,8.48,5.35,62.1,40.48,184.36,385.14,40.94,LOW
38,76.36,12.76,5.22,3.77,54.43,30.2,435.65,91.93,63.86,HIGH
58,42.39,8.2,16.47,2.98,48.65,49.53,228.49,294.48,46.11,LOW
145,52.9,5.47,14.36,11.57,53.93,28.61,426.03,141.75,40.04,MEDIUM
192,27.29,20.12,16.43,7.99,83.87,12.33,306.15,129.47,14.26,MEDIUM
160,33.16,14.17,5.58,9.29,58.5,20.49,316.31,25.53,12.67,MEDIUM
261,79.26,10.78,17.56,5.15,60.01,27.44,337.67,82.56,75.44,MEDIUM
239,78.08,23.0,14.29,5.93,65.94,16.28,297.08,168.45,77.75,HIGH
145,25.27,7.32,13.45,4.37,84.25,47.9,190.25,76.1,20.1,LOW
77,77.35,24.12,14.37,2.97,50.87,40.67,273.85,493.21,90.0,HIGH
167,60.15,11.28,17.97,3.79,70.66,20.73,415.49,168.14,73.31,MEDIUM
20,72.74,22.77,13.8,9.98,72.22,33.63,416.31,82.56,90.0,HIGH
209,50.01,17.06,13.71,8.78,67.33,38.86,264.49,115.56,50.48,HIGH
210,53.36,21.53,19.86,7.47,43.99,47.65,334.04,302.1,65.2,MEDIUM
136,51.89,24.68,16.35,6.75,70.46,45.27,227.38,50.74,54.98,MEDIUM
153,61.68,10.77,11.63,11.22,42.88,30.61,234.15,433.97,63.76,MEDIUM
77,32.68,24.22,15.61,2.73,66.83,40.99,159.22,481.52,28.01,LOW
63,26.65,12.79,10.84,4.81,73.28,32.49,508.7,138.44,10.0,LOW
192,41.94,12.71,8.43,5.5,49.49,32.11,234.28,236.05,48.31,MEDIUM
179,63.76,11.81,13.95,9.82,77.87,14.59,241.01,30.62,75.3,HIGH
192,36.1,15.83,18.92,11.93,41.37,15.05,261.84,327.54,20.85,LOW
168,62.04,8.08,18.94,4.41,77.97,31.18,200.96,218.68,61.94,MEDIUM
99,78.35,16.07,10.13,10.74,60.71,20.75,405.71,149.63,88.26,HIGH
232,30.16,15.83,12.92,10.31,49.79,10.84,180.06,119.28,26.57,LOW
222,61.99,20.24,8.17,4.25,46.02,38.91,203.68,333.93,73.92,MEDIUM
271,49.41,21.67,19.93,5.99,82.9,11.3,407.9,219.78,48.0,MEDIUM
248,72.75,13.81,19.72,6.1,43.27,33.81,285.86,106.24,67.5,MEDIUM
183,34.74,11.05,14.74,11.78,48.96,31.57,433.18,350.77,47.25,LOW
246,63.09,10.19,17.07,3.81,55.65,48.75,372.97,291.23,53.76,MEDIUM
166,71.1,8.89,15.73,9.99,67.91,29.37,252.41,432.16,63.85,MEDIUM
39,76.95,6.15,13.9,5.34,64.52,12.54,410.33,76.39,68.0,HIGH
66,62.58,11.85,5.8,9.31,45.65,32.07,196.51,397.12,51.15,LOW
252,52.34,10.4,11.82,6.2,53.04,43.64,364.56,343.29,53.87,MEDIUM
33,58.98,24.33,15.12,7.78,50.74,49.87,324.86,75.21,53.85,HIGH
162,72.79,16.15,15.16,10.33,49.61,27.21,257.15,353.51,77.68,HIGH
20,56.38,11.95,10.6,10.04,58.5,22.81,391.6,231.94,39.04,MEDIUM
73,26.67,16.61,19.13,10.66,71.68,46.27,498.53,473.59,15.45,MEDIUM
278,76.2,7.78,7.51,2.6,49.79,17.65,549.56,87.97,76.72,MEDIUM
163,62.92,13.88,12.51,8.92,56.5,34.62,393.11,328.56,77.62,LOW
31,62.21,17.52,15.36,3.4,57.59,26.23,311.88,203.35,65.99,MEDIUM
243,36.86,14.78,15.46,6.16,83.94,11.64,240.08,479.27,30.97,MEDIUM
291,61.24,13.04,14.73,7.49,82.96,23.89,252.84,178.39,46.34,MEDIUM
175,46.66,24.88,9.13,6.03,76.01,20.61,341.78,481.85,40.18,HIGH
27,60.82,22.61,7.34,7.2,50.87,37.44,296.91,452.71,60.39,MEDIUM
141,30.86,17.47,14.54,11.97,43.06,47.95,515.53,149.78,10.0,LOW
183,61.18,16.39,13.99,3.35,54.26,20.72,297.32,405.7,49.05,MEDIUM
109,79.97,17.41,7.69,8.75,52.01,42.46,299.38,497.89,72.59,HIGH
155,27.65,9.03,15.58,5.96,62.77,12.21,303.41,141.28,25.08,LOW
205,78.74,12.9,11.83,3.33,75.0,31.52,484.65,229.65,78.2,HIGH
197,47.38,5.79,15.02,3.59,78.62,12.82,410.32,269.69,41.27,MEDIUM
47,72.89,14.51,17.56,11.49,78.02,47.36,395.67,161.57,77.95,HIGH
239,68.03,15.86,7.55,10.8,56.19,40.65,283.66,27.33,69.28,HIGH
60,56.19,9.55,5.29,11.07,70.93,36.32,477.16,125.66,52.49,LOW
247,65.61,24.28,16.69,11.92,54.08,42.96,165.35,155.33,72.05,MEDIUM
211,73.32,23.19,14.15,4.08,42.74,35.9,498.32,232.93,78.94,HIGH
164,47.23,19.44,15.49,5.55,71.57,48.76,355.1,102.13,32.69,MEDIUM
220,42.99,15.67,17.57,8.69,40.44,38.56,309.3,439.16,42.67,LOW
231,61.72,22.4,17.04,6.84,58.41,46.99,348.87,358.36,70.62,HIGH
239,69.43,7.61,19.41,6.18,54.82,30.69,416.97,60.9,80.01,MEDIUM
259,66.93,20.81,13.04,5.58,71.2,14.68,155.11,332.04,70.63,HIGH
65,68.88,7.5,12.33,7.94,74.48,31.13,498.62,333.76,66.55,HIGH
54,48.96,20.88,11.03,7.76,53.68,15.07,328.7,478.99,53.17,MEDIUM
272,69.98,10.52,7.31,3.61,76.52,33.7,287.19,21.45,78.06,LOW
101,31.61,22.54,13.59,6.72,53.23,29.3,205.3,139.01,32.77,MEDIUM
275,54.95,23.88,9.16,7.53,60.08,34.9,325.79,465.34,57.23,MEDIUM
216,25.32,7.98,18.82,7.7,72.72,10.4,348.53,467.42,22.82,LOW
29,42.85,14.25,13.75,4.1,71.18,17.79,311.46,365.88,29.48,MEDIUM
261,45.16,24.62,13.89,9.42,84.43,29.65,421.46,387.57,43.41,HIGH
270,46.79,14.67,10.32,2.25,50.13,48.02,318.36,63.91,40.02,MEDIUM
24,63.25,22.27,5.78,5.55,69.8,25.34,534.57,266.66,56.51,HIGH
138,46.37,16.77,5.48,9.8,67.44,26.97,389.71,131.16,60.71,MEDIUM
84,49.68,12.51,11.35,7.64,81.18,38.59,472.99,106.98,59.19,MEDIUM
165,38.06,10.72,6.27,4.61,47.04,34.15,193.74,408.95,21.13,LOW
243,45.53,9.06,14.1,8.95,73.83,21.96,308.92,84.82,34.68,MEDIUM
258,37.5,20.24,18.21,7.67,65.57,26.43,284.74,244.95,33.86,MEDIUM
196,29.03,12.73,18.24,9.96,52.36,18.71,377.79,470.52,22.62,MEDIUM
286,58.19,15.23,14.89,9.35,61.35,48.64,494.45,109.2,61.36,MEDIUM
82,61.75,14.85,8.17,8.1,55.02,15.23,181.34,489.44,49.32,LOW
236,59.07,16.55,17.94,6.88,66.07,24.87,179.03,497.26,68.66,MEDIUM
196,50.49,22.31,18.29,3.33,80.01,11.03,490.13,286.7,50.05,HIGH
117,45.89,24.61,7.95,4.61,65.62,18.87,235.14,101.67,42.48,HIGH
124,72.48,13.15,16.06,6.19,68.43,41.22,417.5,171.73,72.34,HIGH
118,53.55,21.55,9.3,7.99,63.34,18.05,367.15,223.76,49.37,MEDIUM
25,51.36,20.29,17.04,7.14,42.3,13.2,483.16,168.48,31.05,LOW
216,26.41,16.47,19.96,4.88,50.48,28.98,200.04,154.71,26.53,MEDIUM
152,43.77,24.12,5.45,2.06,62.14,10.4,201.91,486.67,40.56,LOW
278,45.91,9.01,18.46,6.96,53.96,13.39,372.73,93.62,36.37,LOW
42,46.94,7.19,14.34,4.86,48.18,42.31,528.55,372.0,57.91,LOW
72,56.91,22.08,19.6,9.35,62.69,40.86,316.0,20.2,63.6,HIGH
184,54.35,13.78,11.98,2.24,54.53,46.61,280.78,306.17,78.74,MEDIUM
221,58.43,21.94,17.71,7.85,51.61,44.18,392.68,459.65,66.78,HIGH
102,67.07,22.86,5.94,11.41,60.88,37.33,522.18,158.21,60.63,HIGH
164,69.71,6.25,10.03,3.74,46.0,12.09,484.77,109.05,60.66,HIGH
104,64.5,22.67,6.01,6.72,81.75,41.31,548.19,332.81,59.55,HIGH
97,77.55,13.97,19.63,2.91,79.05,43.82,159.03,362.05,70.89,HIGH
20,26.0,15.21,17.25,8.26,71.84,41.96,195.14,350.25,27.09,LOW
70,35.77,17.53,17.79,7.51,44.78,30.34,393.79,173.27,20.38,MEDIUM
192,25.42,23.53,19.07,6.07,74.91,19.32,478.23,141.06,31.89,LOW
224,60.61,5.38,6.28,7.21,76.36,43.81,264.1,478.84,61.52,HIGH
279,74.39,14.54,10.78,10.97,74.55,39.09,245.68,463.18,79.72,HIGH
53,38.39,18.75,6.07,3.96,45.13,49.23,464.79,239.51,26.95,MEDIUM
114,75.99,19.45,8.16,2.23,68.98,16.23,172.55,426.17,78.45,HIGH
91,28.31,18.85,8.44,10.62,77.54,19.03,297.75,237.12,41.31,MEDIUM
58,76.39,7.69,12.04,7.77,65.98,18.47,352.32,223.71,67.79,HIGH
173,44.34,10.99,9.03,10.91,69.09,41.7,374.14,95.25,35.46,MEDIUM
269,30.58,12.17,6.51,7.97,60.63,17.48,441.45,224.67,37.7,LOW
181,51.72,21.09,7.51,10.1,63.79,12.67,291.94,277.96,42.03,MEDIUM
137,39.12,10.58,7.21,6.3,41.55,49.94,395.07,30.8,36.79,MEDIUM
278,40.67,9.21,19.6,9.5,68.75,10.99,384.15,233.17,55.43,MEDIUM
287,41.9,24.15,16.39,11.13,43.67,43.41,369.05,395.05,33.16,MEDIUM
73,69.17,5.18,19.52,7.72,59.58,24.61,406.19,346.42,84.61,MEDIUM
255,54.65,24.96,11.6,3.81,53.17,43.66,253.78,324.88,51.3,MEDIUM
241,42.12,18.54,9.18,4.69,64.54,32.18,183.86,456.59,30.91,HIGH
270,58.57,21.57,16.97,3.99,46.0,46.07,197.71,28.66,64.61,HIGH
131,64.39,10.89,9.89,4.47,71.12,47.05,239.83,287.38,65.47,MEDIUM
274,39.99,5.29,9.49,5.06,75.78,10.36,350.08,397.93,40.13,MEDIUM
226,47.75,19.76,8.49,7.55,47.35,13.02,486.18,279.84,40.06,MEDIUM
248,31.7,21.68,6.95,7.88,44.69,20.01,430.52,175.47,32.71,LOW
85,34.96,19.81,8.85,6.26,46.55,36.77,465.62,85.4,14.29,LOW
94,62.46,7.86,10.33,8.15,79.47,45.53,290.39,446.03,64.65,HIGH
122,34.98,20.07,15.11,2.82,63.77,28.4,311.86,245.97,47.95,HIGH
211,53.88,20.38,5.94,2.88,61.03,34.28,307.47,441.5,36.23,HIGH
271,64.0,18.17,8.16,3.72,44.8,17.54,226.75,301.21,59.93,MEDIUM
245,30.88,20.32,17.14,7.18,69.23,42.2,174.49,343.61,22.13,MEDIUM
117,56.2,21.92,7.2,4.14,79.06,48.69,386.37,406.05,41.09,HIGH
268,39.11,17.27,10.14,4.83,77.27,20.74,545.69,336.39,18.58,HIGH
185,77.96,6.77,17.97,6.0,68.17,29.79,216.73,211.07,66.15,MEDIUM
49,51.6,14.75,7.32,10.12,43.39,13.44,168.67,266.54,49.17,LOW
266,69.33,6.55,6.24,2.14,45.06,32.37,461.81,405.46,80.82,MEDIUM
125,55.26,13.15,12.27,8.49,42.22,30.11,251.03,199.35,40.04,MEDIUM
70,27.39,13.14,9.54,8.69,51.59,15.78,481.86,206.3,30.33,HIGH
100,59.82,6.32,13.45,9.99,46.1,27.68,431.57,65.93,62.02,MEDIUM
152,77.33,11.98,17.06,11.33,51.7,23.36,528.27,459.0,90.0,MEDIUM
157,58.09,7.22,7.06,2.2,57.33,30.87,313.57,63.7,63.8,LOW
203,70.06,21.16,13.71,3.54,82.43,33.43,414.79,331.14,76.34,HIGH
292,73.63,23.95,12.58,10.86,67.47,10.34,335.94,218.33,80.62,HIGH
88,37.54,6.45,7.16,6.59,77.57,40.44,402.24,214.7,28.3,MEDIUM
53,36.66,24.1,14.36,7.65,71.97,38.52,329.84,346.18,30.93,MEDIUM
281,58.6,15.45,9.1,8.63,45.06,24.65,225.45,52.2,69.77,MEDIUM
72,47.61,10.99,12.32,8.79,73.12,12.12,353.16,304.98,27.1,MEDIUM
224,71.19,6.54,6.23,11.32,52.38,40.2,361.43,390.58,64.37,LOW
145,74.5,15.01,11.89,11.97,68.76,48.21,474.24,417.54,61.19,HIGH
254,44.44,20.89,9.6,9.2,55.34,19.61,444.21,101.85,46.78,MEDIUM
62,38.03,19.14,17.34,4.87,84.9,22.94,415.52,450.76,33.81,HIGH
259,67.93,6.0,5.85,10.8,51.86,17.35,195.35,334.95,74.19,LOW
130,40.11,6.46,11.28,2.49,52.56,33.08,438.25,443.29,39.02,LOW
268,70.24,13.06,11.88,4.31,81.88,16.19,350.12,252.93,54.78,HIGH
170,48.31,10.91,15.88,10.97,41.11,24.25,507.64,280.18,33.31,LOW
202,61.72,9.65,13.61,4.56,71.35,37.88,517.95,461.14,61.65,HIGH
114,30.25,10.62,15.01,4.21,72.64,32.4,172.06,451.96,22.54,LOW
27,59.31,21.07,16.66,3.38,77.64,25.46,478.26,235.12,53.99,HIGH
203,49.85,23.58,17.93,10.59,83.85,26.81,165.08,151.72,59.23,LOW
300,57.26,13.1,9.71,7.0,83.9,32.48,296.87,208.72,64.85,MEDIUM
214,34.24,23.12,13.07,8.75,42.94,10.23,366.92,206.13,52.22,LOW
214,65.53,11.43,17.6,4.39,76.98,13.14,209.24,157.7,62.36,MEDIUM
174,72.45,14.53,19.84,9.58,69.08,45.25,448.53,148.92,66.04,HIGH
112,36.92,9.52,18.34,9.6,69.13,13.12,153.34,433.31,41.1,LOW
179,30.26,17.81,10.57,5.13,45.78,38.27,217.44,53.53,24.66,LOW
80,26.3,24.58,7.93,6.11,69.26,46.8,382.32,345.25,21.02,MEDIUM
141,60.31,17.07,12.34,4.1,84.21,20.83,435.76,102.95,58.29,HIGH
70,58.39,12.16,16.12,11.77,81.03,24.82,516.66,185.36,74.92,HIGH
296,55.07,17.96,12.39,8.46,59.76,32.76,432.2,49.54,62.11,HIGH
24,37.76,7.46,12.25,11.35,41.8,45.27,418.71,149.59,45.85,LOW
111,46.5,22.77,17.57,5.03,56.3,47.68,307.74,388.84,62.58,MEDIUM
189,57.7,15.06,10.42,9.82,77.19,39.58,150.51,444.81,66.72,HIGH
41,52.32,13.99,17.9,9.66,71.57,13.46,198.06,126.33,41.01,MEDIUM
20,79.33,16.72,11.1,8.92,60.67,36.77,363.82,242.5,88.2,HIGH
152,32.5,17.5,9.92,11.66,42.48,26.41,420.05,245.76,42.65,LOW
252,63.23,6.44,11.81,5.94,59.21,28.83,316.98,439.32,69.75,HIGH
31,47.24,18.65,16.44,3.31,61.11,11.97,442.27,386.14,45.28,LOW
65,48.55,9.84,6.89,8.72,81.78,17.64,358.74,266.28,54.01,LOW
53,64.47,19.28,7.95,9.29,68.85,41.62,179.67,341.96,64.27,HIGH
97,63.08,21.45,19.27,7.75,54.02,28.16,226.81,426.73,53.3,MEDIUM
237,79.52,21.08,7.63,4.07,63.64,22.07,486.0,24.58,72.22,HIGH
92,32.06,16.05,13.52,7.04,42.97,25.36,439.97,213.39,39.1,LOW
268,30.73,15.4,13.69,5.12,83.77,44.18,507.9,455.48,21.67,HIGH
66,64.84,7.86,12.34,6.27,56.2,39.96,197.02,375.35,56.72,MEDIUM
140,56.81,20.51,14.67,8.45,61.5,20.89,546.09,280.56,64.35,HIGH
233,40.08,10.43,8.45,9.45,55.99,14.7,233.76,274.23,41.42,LOW
258,29.37,14.93,13.29,4.32,70.71,20.08,154.71,186.93,35.14,LOW
75,29.71,10.69,10.58,6.05,69.8,46.83,548.97,269.85,17.42,MEDIUM
126,74.18,7.68,14.93,4.69,72.19,33.26,262.43,334.58,79.67,MEDIUM
67,35.55,17.59,7.12,3.99,52.07,31.34,417.21,220.81,28.95,MEDIUM
80,42.79,6.09,13.56,9.83,54.21,33.86,220.67,362.79,32.62,LOW
45,37.47,19.97,7.78,11.09,45.64,24.64,382.09,433.39,32.41,MEDIUM
276,44.52,11.35,9.18,5.7,69.5,42.28,511.61,94.25,58.15,LOW
27,28.82,5.0,8.28,9.51,41.79,30.93,278.07,236.74,25.17,LOW
132,53.55,15.22,7.74,10.97,66.9,14.67,418.1,215.85,75.56,MEDIUM
272,28.72,5.94,17.39,10.46,79.14,15.16,225.16,349.98,10.0,LOW
199,69.02,10.52,9.29,3.83,80.09,31.47,399.92,139.94,53.56,MEDIUM
226,37.85,19.14,18.91,11.56,60.21,47.46,284.58,327.32,51.1,LOW
146,54.7,6.25,19.55,5.77,60.67,22.33,234.48,441.19,70.46,MEDIUM
75,73.4,21.79,13.57,5.39,43.46,44.78,275.27,220.7,64.77,HIGH
233,60.8,5.08,7.15,2.62,70.18,40.56,221.54,457.29,61.49,MEDIUM
33,54.31,9.94,10.62,6.86,76.96,19.91,510.77,496.72,61.43,MEDIUM
47,42.84,19.82,16.97,3.09,51.01,11.45,308.87,70.92,40.54,LOW
97,43.32,11.33,10.51,4.49,58.96,14.07,248.11,131.87,44.81,MEDIUM
235,61.82,7.04,6.31,5.17,77.75,39.14,329.36,476.18,61.93,MEDIUM
173,79.68,12.2,13.35,10.09,79.47,17.99,278.21,480.0,64.86,HIGH
33,61.4,10.41,17.68,10.75,50.94,24.85,447.77,66.9,57.95,MEDIUM
206,55.68,21.85,16.94,5.02,64.78,30.07,538.49,27.2,55.8,MEDIUM
26,65.19,11.27,7.63,10.59,48.66,39.02,325.21,97.33,66.22,HIGH
22,50.59,20.78,15.09,10.57,44.58,14.53,494.41,498.09,33.28,MEDIUM
130,28.31,22.84,8.31,9.65,81.0,26.25,376.35,106.4,35.84,HIGH
257,55.93,13.68,8.27,3.47,76.92,29.4,212.89,261.22,57.22,MEDIUM
258,77.67,23.2,18.11,8.9,74.2,31.63,426.25,427.24,67.12,HIGH
293,34.64,12.55,8.75,11.45,42.19,42.73,355.37,29.79,52.63,LOW
246,62.95,24.28,8.95,8.83,77.97,16.87,410.24,310.15,59.48,HIGH
34,36.05,6.79,5.01,5.32,59.71,42.31,505.87,152.97,33.23,LOW
211,54.47,18.74,18.06,7.01,55.41,37.72,326.17,433.92,60.89,MEDIUM
138,30.32,14.88,16.89,8.46,64.59,32.23,510.47,156.06,49.16,MEDIUM
47,49.77,12.75,14.41,7.11,44.11,37.98,450.27,349.64,56.58,LOW
221,66.59,17.65,16.25,3.2,74.05,26.48,345.44,343.63,74.85,HIGH
58,44.12,19.08,7.28,5.12,66.21,15.54,391.29,126.32,34.1,HIGH
292,61.57,5.09,11.87,10.02,48.4,36.63,280.23,36.7,62.44,MEDIUM
250,68.75,8.34,10.27,10.61,48.47,30.99,543.44,216.44,63.43,HIGH
105,75.99,19.26,6.41,3.37,48.29,35.57,416.94,158.81,83.04,MEDIUM
145,37.91,18.33,12.29,11.52,42.57,23.52,167.54,408.31,45.87,MEDIUM
44,46.96,24.32,18.81,5.29,66.45,46.27,280.65,404.17,63.29,HIGH
164,33.38,20.22,5.6,8.62,77.82,33.49,399.33,239.37,11.8,HIGH
32,79.59,24.02,9.37,9.52,40.79,13.42,172.53,311.13,73.28,MEDIUM
231,75.99,19.05,8.11,10.12,42.21,27.99,159.55,310.04,88.99,MEDIUM
44,54.7,10.96,8.57,11.46,65.77,40.25,330.01,417.04,40.68,LOW
87,71.31,7.11,18.63,5.13,76.88,41.77,283.08,224.0,79.37,HIGH
86,53.65,20.64,12.02,10.59,54.7,29.78,325.32,152.21,64.99,HIGH
252,59.3,17.88,11.99,3.32,55.73,45.79,255.08,147.22,59.01,LOW
128,29.9,5.96,16.41,9.05,66.84,20.71,215.89,277.37,15.69,LOW
165,66.54,12.2,7.32,9.42,52.34,26.42,425.66,235.59,65.32,MEDIUM
130,32.02,24.14,12.31,8.78,41.2,45.94,355.83,231.26,46.61,MEDIUM
247,70.43,15.01,11.45,4.52,73.09,45.85,230.06,63.75,85.82,MEDIUM
130,68.01,13.65,13.95,10.73,68.15,37.43,277.84,364.93,70.09,MEDIUM
53,63.98,14.15,19.99,3.69,66.13,44.36,386.72,122.59,54.21,HIGH
130,26.99,9.18,16.54,2.54,73.38,13.55,178.89,114.54,44.37,MEDIUM
283,41.67,12.37,10.97,9.17,70.39,44.6,208.98,218.12,49.88,LOW
255,39.47,12.4,17.41,6.75,49.26,22.82,179.3,129.33,30.36,LOW
102,44.81,6.05,7.56,10.49,55.86,17.13,474.93,300.25,48.23,MEDIUM
61,29.82,20.35,5.46,5.83,45.67,19.57,450.96,198.3,32.79,MEDIUM
120,76.53,13.33,8.07,3.68,45.84,26.72,451.33,235.48,70.16,MEDIUM
25,55.46,21.44,10.11,10.36,70.43,20.05,436.53,277.84,58.94,HIGH
199,41.8,22.01,12.66,7.49,78.64,22.82,417.75,117.7,52.87,HIGH
245,46.83,9.24,14.23,3.89,83.32,15.4,340.8,94.76,43.87,MEDIUM
248,49.6,18.15,18.66,9.2,68.28,21.85,406.91,442.6,61.68,MEDIUM
169,58.03,14.45,12.65,7.11,48.28,32.89,165.34,228.19,40.48,MEDIUM
296,53.36,22.6,12.52,8.04,44.75,27.67,398.59,217.8,75.55,HIGH
217,75.57,9.31,5.75,6.61,76.58,23.87,461.15,37.09,76.14,HIGH
89,52.33,18.56,5.52,10.29,66.04,39.86,350.14,259.03,63.06,HIGH
131,79.57,17.16,13.27,10.3,67.82,45.74,293.01,286.0,81.75,HIGH
23,71.83,10.91,11.57,9.09,75.17,40.27,260.97,288.24,63.59,HIGH
114,36.47,7.73,17.59,3.05,71.65,23.28,407.12,359.37,36.1,LOW
171,76.18,18.03,7.41,10.39,77.55,39.78,427.12,105.19,57.09,MEDIUM
156,31.4,19.77,5.37,8.71,42.53,16.08,498.39,141.07,38.28,MEDIUM
266,69.96,11.31,11.74,8.97,73.64,15.21,286.93,409.15,71.9,HIGH
262,45.93,17.9,8.56,5.63,78.29,23.83,457.91,474.64,44.02,MEDIUM
50,73.29,12.9,5.74,10.79,52.88,42.31,374.54,85.25,80.82,MEDIUM
59,72.74,19.26,15.87,9.25,68.82,19.85,503.13,258.87,73.12,HIGH
248,69.33,8.98,6.67,3.13,54.14,12.53,361.12,122.8,75.39,MEDIUM
55,68.45,22.8,14.12,6.08,83.11,15.27,357.05,48.84,78.07,HIGH
242,41.76,10.75,9.22,10.86,41.5,44.35,381.15,176.24,36.27,LOW
25,29.45,12.36,7.6,2.47,66.09,35.35,449.73,88.97,21.1,LOW
239,47.16,6.16,10.7,11.61,47.49,20.13,535.88,360.77,29.94,MEDIUM
94,34.54,7.23,17.02,8.79,72.05,32.21,179.43,276.19,35.77,LOW
23,63.22,15.32,10.88,8.31,47.92,31.1,171.37,89.04,67.74,MEDIUM
153,44.04,10.35,16.26,4.71,50.59,36.22,525.02,24.44,30.8,MEDIUM
137,78.66,21.71,6.88,4.49,62.25,19.33,361.95,407.92,90.0,HIGH
113,60.25,5.29,16.59,11.42,81.17,44.58,395.96,104.57,52.03,HIGH
81,70.24,12.58,8.55,4.98,49.53,22.37,342.97,310.98,49.2,MEDIUM
213,32.29,11.75,15.16,9.76,46.49,37.77,187.46,181.72,47.24,LOW
222,72.41,5.39,13.49,5.93,74.15,10.64,457.24,301.03,52.68,HIGH
45,75.75,7.49,18.94,3.39,62.53,24.91,448.89,171.51,85.39,HIGH
192,51.79,13.27,10.81,2.11,81.03,24.07,274.68,61.73,59.0,LOW
152,58.34,14.86,5.99,7.44,46.6,31.74,272.5,127.02,61.54,MEDIUM
137,67.06,13.09,5.29,11.76,69.07,12.91,485.14,110.27,61.84,HIGH
294,34.62,15.62,17.4,5.69,50.48,41.61,178.94,225.45,39.64,MEDIUM
231,52.64,16.9,12.87,5.57,47.05,18.71,502.44,335.98,63.13,MEDIUM
244,46.93,5.2,16.63,5.44,70.75,37.08,252.66,146.63,37.07,LOW
39,33.05,14.28,8.52,7.21,66.72,42.13,387.19,25.79,42.81,LOW
132,45.21,24.27,10.18,6.41,73.97,32.48,524.4,269.09,54.52,HIGH
159,28.75,15.38,5.45,10.8,53.93,39.64,421.25,310.76,31.68,MEDIUM
66,26.42,18.55,19.42,7.06,60.16,36.47,315.77,482.18,21.04,LOW
20,32.43,11.24,15.02,7.08,58.25,24.22,425.81,302.95,41.79,LOW
109,77.97,20.48,19.0,3.38,84.28,42.35,287.59,246.16,83.05,MEDIUM
161,55.22,20.46,8.98,11.83,53.15,21.79,260.9,295.23,45.06,HIGH
57,78.12,15.43,14.17,4.5,53.27,32.85,548.67,465.39,74.45,MEDIUM
158,48.79,24.52,15.18,2.73,55.95,39.82,450.32,417.62,56.98,HIGH
278,42.15,7.51,9.76,8.63,65.41,25.16,407.89,175.03,43.3,MEDIUM
180,52.84,5.34,17.72,7.95,51.35,22.11,292.12,133.88,63.7,LOW
197,49.17,20.4,19.21,6.15,81.19,28.37,169.66,146.06,45.76,MEDIUM
29,30.81,21.14,18.27,6.22,51.96,42.72,162.42,262.12,20.81,LOW
280,60.25,7.4,16.09,9.85,80.31,47.2,371.67,377.14,82.18,MEDIUM
157,36.88,10.31,9.16,3.96,44.66,31.8,454.81,261.55,20.07,MEDIUM
191,59.08,5.35,9.22,10.2,69.55,36.46,364.95,52.54,54.08,MEDIUM
32,60.76,10.87,19.45,8.49,80.81,46.13,486.31,367.32,63.56,MEDIUM
187,33.36,20.46,5.15,6.19,47.59,13.94,163.37,406.87,43.22,LOW
149,28.37,15.36,15.74,6.58,83.57,19.28,296.7,158.96,34.84,LOW
103,67.94,11.96,15.59,4.57,60.38,38.36,244.83,338.78,90.0,HIGH
120,50.29,12.43,14.34,9.52,82.56,42.95,328.91,224.76,49.11,MEDIUM
292,28.2,5.03,19.85,7.13,70.46,44.28,178.95,446.78,19.47,LOW
284,79.72,11.0,9.68,5.21,53.57,26.6,531.65,425.71,77.52,HIGH
57,28.18,17.93,10.1,7.96,48.47,13.57,239.3,272.21,24.98,LOW
113,63.23,24.48,6.18,11.96,53.67,27.51,518.92,351.92,62.54,HIGH
114,79.1,21.94,11.64,6.35,44.19,19.23,320.36,444.01,69.28,HIGH
88,38.15,5.47,8.92,11.21,46.47,21.65,544.21,257.94,46.0,MEDIUM
255,32.82,22.97,10.15,5.45,44.71,40.89,371.62,170.36,36.53,LOW
156,31.68,20.66,17.52,2.55,59.03,13.02,522.33,381.76,19.04,HIGH
95,41.68,20.61,19.03,4.04,75.8,43.1,152.14,125.63,51.36,MEDIUM
54,30.56,14.16,7.79,6.19,46.36,27.11,449.3,206.49,22.44,LOW
20,63.07,12.96,10.59,4.2,45.86,33.84,511.22,435.55,51.24,MEDIUM
79,28.43,11.06,18.93,2.0,68.95,13.59,205.89,367.72,29.3,LOW
286,53.02,6.31,5.93,11.15,48.87,23.49,188.45,213.83,35.44,LOW
248,79.82,9.56,6.39,10.44,44.39,13.59,319.83,123.08,85.71,HIGH
289,69.77,9.93,7.44,9.42,47.51,48.46,523.47,190.86,41.38,HIGH
232,58.84,14.68,13.93,3.68,81.57,42.29,366.95,156.37,48.54,MEDIUM
184,41.84,19.95,7.26,3.2,76.97,28.39,360.98,104.52,57.6,HIGH
24,59.31,14.48,19.52,2.68,55.93,18.94,206.45,376.8,52.45,LOW
97,53.99,6.16,11.7,9.24,69.51,47.34,150.32,140.99,48.87,LOW
81,48.43,24.16,12.52,11.29,64.18,23.78,474.06,238.0,61.17,HIGH
151,32.19,23.85,8.7,6.31,70.47,16.44,185.03,205.21,24.26,MEDIUM
108,73.76,20.7,12.06,3.19,70.72,32.53,403.54,491.4,81.4,HIGH
256,49.74,24.83,14.93,7.12,68.29,47.75,515.85,207.72,61.48,HIGH
61,35.7,15.89,16.27,5.49,51.97,10.15,233.46,58.39,40.49,LOW
108,45.23,24.26,16.31,5.75,41.76,19.52,416.11,63.12,30.78,HIGH
123,47.78,6.51,13.67,8.21,60.5,47.54,181.48,303.56,41.74,LOW
33,70.51,12.31,18.57,9.19,80.09,16.84,391.5,307.69,90.0,MEDIUM
198,65.35,9.51,17.26,3.11,65.63,14.53,215.57,221.0,60.44,MEDIUM
144,67.31,8.92,16.36,2.36,77.46,32.81,444.38,227.28,90.0,HIGH
42,25.61,7.82,5.83,11.94,84.62,44.47,270.49,45.89,42.7,MEDIUM
82,47.89,17.45,5.1,4.33,47.36,29.08,335.36,267.94,53.08,MEDIUM
162,51.47,20.63,8.19,2.54,71.13,49.78,389.77,262.27,54.45,MEDIUM
172,26.06,16.57,14.95,3.9,70.34,37.17,218.51,91.78,21.41,MEDIUM
164,39.29,7.94,11.17,2.39,84.1,12.96,446.66,69.84,38.4,MEDIUM
244,66.82,21.22,11.04,5.92,84.35,49.71,271.06,79.31,59.93,HIGH
123,32.54,17.72,18.27,10.02,70.9,26.32,414.95,68.49,31.9,LOW
123,54.44,12.76,18.43,5.41,50.96,21.5,213.31,312.66,40.82,LOW
58,36.84,18.48,18.64,6.44,75.94,32.32,425.25,114.31,22.68,HIGH
217,25.67,10.2,9.71,8.76,44.82,22.17,201.28,140.69,38.68,LOW
153,38.27,11.9,15.37,7.09,75.13,13.46,320.14,103.31,22.14,MEDIUM
86,78.67,23.35,9.07,10.61,80.96,10.06,248.88,479.76,87.53,HIGH
198,69.08,10.81,7.86,10.66,57.23,27.98,449.35,430.22,50.14,MEDIUM
61,77.78,14.4,7.77,2.1,68.38,43.47,254.81,130.64,84.07,HIGH
34,51.83,22.8,10.13,9.78,59.36,32.89,502.69,177.23,49.76,MEDIUM
130,31.04,19.15,11.45,6.61,59.7,49.97,506.73,120.75,44.25,MEDIUM
176,55.14,6.24,17.46,11.89,53.97,21.47,228.58,256.1,51.82,LOW
250,49.99,7.95,6.8,6.83,74.3,21.22,395.54,29.41,29.9,LOW
176,71.44,5.16,16.02,11.87,82.13,16.39,185.09,342.26,69.56,LOW
57,30.39,17.62,12.97,9.55,82.33,16.56,306.61,271.12,31.99,LOW
116,51.85,13.95,9.32,4.49,47.87,21.41,435.33,451.35,50.53,HIGH
273,33.25,7.69,12.39,7.38,79.36,41.71,413.77,98.91,39.0,MEDIUM
215,42.86,24.16,9.5,11.92,73.18,46.23,399.88,405.97,37.21,MEDIUM
105,65.55,15.59,13.94,10.58,51.38,49.0,263.02,400.14,52.92,MEDIUM
29,51.18,9.84,11.51,2.97,43.03,19.29,301.21,81.05,41.18,LOW
24,45.67,15.01,7.47,9.06,52.06,45.25,191.18,211.31,40.52,LOW
142,46.7,18.59,6.75,5.46,81.05,23.13,437.61,101.67,41.45,HIGH
137,50.27,6.52,13.2,2.07,68.49,14.51,351.56,142.27,74.33,HIGH
178,68.18,10.49,18.54,6.03,72.45,44.8,433.51,146.36,80.73,HIGH
247,74.06,21.14,10.16,4.35,51.57,35.44,249.58,286.99,80.93,MEDIUM
235,77.54,14.19,16.0,10.19,72.37,16.59,279.78,217.48,82.0,HIGH
203,68.28,15.93,14.88,5.37,41.27,27.19,283.69,474.91,71.28,MEDIUM
34,42.35,13.66,18.97,10.28,56.89,21.49,160.3,80.66,45.4,LOW
176,62.85,5.88,17.31,2.01,68.2,39.47,286.42,487.37,64.48,LOW
155,49.07,8.31,13.5,5.08,46.57,28.14,471.32,130.71,49.47,LOW
280,39.01,13.91,14.86,4.41,77.04,49.57,508.92,390.98,18.09,LOW
176,71.25,9.18,18.48,4.34,50.58,12.19,357.29,182.71,67.56,MEDIUM
66,27.11,6.0,10.99,2.68,69.35,24.2,332.2,88.68,24.71,LOW
192,74.6,21.87,9.9,3.87,58.23,29.28,162.33,431.79,67.11,HIGH
149,50.38,24.62,5.16,7.56,66.82,30.13,501.68,168.25,44.82,MEDIUM
114,60.05,20.86,17.4,4.91,44.84,22.64,155.2,336.25,63.05,LOW
134,61.26,22.08,17.01,6.17,40.76,39.17,527.9,291.89,68.94,HIGH
262,74.23,9.84,6.57,5.77,80.93,44.99,345.69,246.44,77.22,HIGH
88,60.02,24.21,13.65,10.76,52.13,47.55,286.77,257.99,67.44,HIGH
167,58.77,8.94,11.96,11.05,76.89,42.2,519.69,371.47,66.37,LOW
30,28.67,24.03,6.78,6.93,84.97,44.02,159.76,62.13,25.67,MEDIUM
273,53.51,24.9,19.71,5.3,49.51,32.02,382.57,340.73,58.77,HIGH
57,33.26,19.23,8.22,3.07,51.93,43.04,369.57,449.99,15.8,MEDIUM
153,65.56,24.62,6.01,11.53,69.83,22.14,237.73,47.74,61.72,MEDIUM
219,53.17,16.39,13.92,2.6,83.45,25.94,321.55,87.51,48.15,HIGH
42,62.41,10.19,16.08,4.98,81.21,22.68,410.91,363.98,77.73,MEDIUM
237,27.29,13.74,5.49,4.98,62.63,28.7,440.85,229.9,30.66,LOW
160,29.66,16.87,14.88,5.2,75.78,21.42,150.29,213.7,16.32,LOW
123,64.4,6.46,12.98,3.64,46.11,48.46,524.74,85.74,70.34,MEDIUM
229,28.96,17.45,6.55,9.83,83.98,22.51,215.81,263.25,38.06,LOW
130,28.92,24.62,7.59,3.22,83.4,13.92,243.43,80.74,28.02,MEDIUM
123,25.67,8.8,13.52,8.35,47.37,31.07,255.39,248.78,32.57,LOW
190,77.61,20.85,9.45,3.24,53.47,12.28,165.13,386.54,52.65,MEDIUM
152,65.56,23.16,19.07,2.71,44.51,14.42,199.22,143.97,38.57,LOW
146,44.43,23.87,17.28,11.09,52.23,18.78,544.54,250.78,32.64,MEDIUM
125,41.31,24.2,19.75,3.9,76.72,28.57,276.09,496.17,42.8,MEDIUM
111,44.23,15.43,8.9,10.21,57.02,27.33,196.12,349.59,59.56,LOW
70,67.61,24.55,19.55,7.45,43.98,41.99,192.8,423.85,56.34,MEDIUM
48,61.38,20.15,11.47,2.78,55.4,39.58,437.78,219.13,52.84,HIGH
233,35.19,8.23,10.21,11.55,84.16,27.05,491.83,388.57,36.07,MEDIUM
286,34.58,14.54,5.76,4.47,68.34,23.35,252.78,39.44,29.65,LOW
276,30.41,19.37,5.79,10.6,58.73,22.66,158.36,79.0,24.92,LOW
120,61.32,9.95,15.38,3.69,47.49,40.96,239.24,117.47,57.1,MEDIUM
129,67.04,17.81,11.87,10.54,84.38,12.08,172.61,212.94,80.19,HIGH
201,39.58,18.33,8.4,2.13,76.94,10.51,191.36,425.96,50.74,MEDIUM
20,26.15,8.25,14.21,7.12,52.67,41.82,322.6,186.21,26.39,LOW
74,29.52,16.3,8.79,9.69,43.15,29.09,241.97,334.22,46.06,LOW
168,78.23,20.43,13.66,11.35,42.55,15.24,356.38,360.47,83.32,HIGH
156,41.25,14.98,10.39,11.09,45.42,19.42,251.4,301.37,52.79,MEDIUM
221,67.31,5.24,17.35,10.2,66.13,47.3,526.21,191.48,58.7,HIGH
136,59.36,5.18,17.31,10.88,81.79,44.38,512.38,296.99,52.82,MEDIUM
173,46.01,12.14,12.16,3.99,62.35,38.39,376.72,184.29,39.36,LOW
82,36.31,23.52,10.26,4.84,77.93,29.29,291.77,60.26,35.45,MEDIUM
263,31.68,9.57,10.44,4.89,60.06,30.81,302.46,496.55,32.28,LOW
44,58.83,17.69,17.09,5.77,71.89,49.01,314.74,81.05,62.07,HIGH
109,67.6,9.44,9.92,5.93,72.93,48.63,441.03,54.73,87.34,HIGH
94,60.41,11.43,8.14,7.45,47.83,18.61,330.66,441.69,67.63,LOW
229,54.17,21.96,6.27,3.6,56.25,42.44,492.69,164.88,49.02,HIGH
36,27.31,19.58,12.0,8.91,68.68,17.89,527.64,332.14,27.27,MEDIUM
147,78.27,6.91,12.23,3.68,43.18,18.54,284.38,177.92,90.0,HIGH
270,68.93,13.57,17.61,5.1,56.27,37.04,374.28,207.9,76.75,MEDIUM
198,41.11,5.58,8.32,7.03,64.07,26.2,188.02,145.81,56.02,LOW
201,78.9,14.62,10.71,9.96,84.83,47.26,230.19,184.66,74.07,HIGH
171,58.1,18.25,17.13,9.39,61.35,13.56,315.39,217.14,50.99,MEDIUM
44,57.03,7.37,17.35,8.46,76.72,30.46,232.48,365.8,50.06,LOW
199,66.14,10.78,10.77,3.56,59.44,46.74,500.62,265.54,62.12,HIGH
217,69.65,12.96,11.89,7.47,75.84,46.16,213.31,472.91,59.01,HIGH
180,61.11,23.39,9.55,2.87,66.79,16.26,332.26,40.1,64.06,MEDIUM
196,32.05,24.87,18.99,5.77,79.9,24.67,392.28,261.47,35.17,HIGH
82,43.6,5.9,6.78,6.14,58.49,34.76,426.75,300.43,56.99,LOW
169,76.04,20.22,19.01,2.4,67.19,16.38,303.23,461.69,58.44,HIGH
173,37.35,12.43,15.26,4.74,68.35,48.72,497.64,43.6,27.91,MEDIUM
175,45.47,12.85,12.97,11.56,58.78,46.59,377.33,295.28,53.52,MEDIUM
68,48.76,20.09,5.49,11.54,46.49,16.68,325.8,429.74,50.6,MEDIUM
103,49.17,23.37,12.13,5.52,44.21,14.85,176.9,136.13,49.62,LOW
196,58.71,24.02,11.12,2.43,40.75,13.42,335.88,440.62,71.35,HIGH
167,76.87,16.54,7.42,3.79,79.31,46.38,478.29,29.14,66.77,HIGH
137,38.24,12.14,14.85,5.92,50.64,17.74,395.82,371.58,30.95,MEDIUM
82,31.68,20.75,19.57,11.48,49.52,26.65,482.86,467.89,23.22,LOW
208,35.86,10.02,13.43,3.41,73.12,27.95,347.6,335.45,15.73,LOW
68,73.78,16.28,15.72,9.64,54.4,33.96,197.38,230.73,75.11,HIGH
276,60.52,12.17,6.03,3.09,62.77,12.87,155.46,41.54,55.29,LOW
243,40.72,18.13,11.27,11.81,47.31,19.07,271.29,461.65,33.4,MEDIUM
160,69.88,9.81,6.75,5.82,83.19,47.26,429.2,245.74,60.74,HIGH
234,72.38,8.83,14.19,9.75,78.32,46.34,466.1,33.92,72.2,HIGH
230,71.56,23.36,19.08,5.43,78.87,41.25,268.3,351.11,63.57,HIGH
51,75.54,7.04,14.93,8.28,58.3,10.78,348.26,251.28,77.76,MEDIUM
177,38.87,15.12,6.15,3.92,74.31,23.08,318.45,79.69,43.47,LOW
163,66.53,9.42,10.32,3.46,46.47,35.12,314.21,122.85,63.58,MEDIUM
38,50.33,5.78,13.26,11.38,40.39,21.01,242.54,50.96,46.7,LOW
37,71.31,5.72,11.05,11.18,40.9,46.38,204.55,295.66,73.16,HIGH
276,65.07,8.5,17.5,10.87,66.4,35.36,228.68,318.57,64.78,LOW
97,67.7,22.34,17.22,8.25,60.49,12.88,172.13,262.76,81.01,MEDIUM
194,61.09,10.65,14.18,10.08,63.31,46.36,229.25,412.21,64.27,LOW
213,34.76,24.01,10.6,2.69,40.34,48.31,153.68,433.28,45.71,LOW
132,54.98,16.63,8.83,5.35,59.02,13.11,400.9,315.5,61.08,MEDIUM
133,79.16,13.73,6.59,5.14,72.31,31.29,276.55,26.12,65.97,MEDIUM
241,76.56,16.6,10.32,8.36,59.92,22.13,539.26,353.71,70.97,HIGH
185,27.37,15.33,11.2,5.56,72.95,25.71,227.49,220.64,26.89,LOW
151,34.06,20.18,15.14,3.49,50.49,17.19,288.33,291.47,42.75,MEDIUM
283,32.25,10.65,14.87,7.96,76.59,33.12,293.14,331.56,51.52,LOW
74,64.93,12.06,6.05,10.14,66.48,48.32,153.38,188.11,60.09,HIGH
150,69.98,22.88,10.93,5.82,49.48,30.12,485.68,460.21,70.53,HIGH
285,36.74,23.93,7.73,3.32,50.65,13.32,162.8,84.31,44.74,MEDIUM
181,52.82,22.85,7.35,3.97,68.26,34.8,526.07,342.33,52.24,HIGH
106,71.24,13.39,17.41,4.37,77.35,23.61,506.83,22.09,87.68,HIGH
74,65.3,20.61,5.63,5.0,58.7,44.24,364.21,463.83,51.83,MEDIUM
197,54.82,14.53,11.29,8.43,51.62,27.39,367.44,74.0,61.6,LOW
27,57.47,14.95,7.52,8.01,79.02,17.71,411.51,65.54,64.15,HIGH
266,52.96,9.09,18.19,8.96,70.12,17.64,304.82,179.84,64.48,MEDIUM
274,41.37,16.82,13.36,5.63,60.16,40.75,408.89,199.31,41.99,MEDIUM
73,56.08,8.72,8.47,10.24,61.96,20.62,167.91,122.86,64.99,MEDIUM
268,62.89,11.63,12.54,4.04,49.19,40.69,171.62,300.86,60.4,LOW
258,73.03,22.1,15.97,6.69,68.21,18.24,332.89,232.6,65.02,MEDIUM
248,60.0,9.14,19.37,10.01,56.14,22.87,369.85,36.4,50.52,HIGH
86,66.86,6.42,8.31,3.8,84.8,28.62,505.13,173.43,52.45,MEDIUM
70,33.8,6.38,18.29,3.1,61.61,47.73,191.86,409.01,29.39,LOW
116,50.39,23.82,19.01,10.84,61.86,47.27,479.06,351.06,53.5,MEDIUM
111,25.51,15.14,18.75,5.43,65.46,18.27,234.02,367.94,23.43,LOW
283,38.57,13.19,14.53,8.84,81.25,24.33,307.63,355.1,40.55,LOW
115,64.96,21.22,14.45,2.25,76.04,15.98,276.64,169.27,77.3,LOW
107,79.55,21.72,11.05,8.9,60.3,30.4,310.06,67.84,74.37,HIGH
97,30.45,11.64,16.29,5.16,72.34,28.42,210.2,150.78,53.86,LOW
139,47.08,18.87,12.97,2.56,66.38,46.03,351.43,419.26,54.63,MEDIUM
184,69.0,20.42,15.16,8.1,62.16,47.2,470.66,490.63,67.03,HIGH
201,36.22,18.09,11.43,4.41,48.65,25.34,326.61,257.05,34.03,LOW
242,55.53,8.03,15.97,5.87,60.88,29.67,346.25,24.66,45.45,MEDIUM
26,65.32,22.52,17.37,2.81,51.06,45.85,489.51,87.22,65.06,HIGH
282,58.88,15.78,7.2,3.47,81.17,42.27,432.42,174.6,37.26,HIGH
180,35.34,10.65,17.49,4.98,55.09,10.15,346.18,297.72,47.9,LOW
170,44.55,13.5,13.1,2.9,82.85,22.8,253.08,56.04,16.38,LOW
104,68.11,5.75,17.67,11.11,63.99,26.87,503.97,472.81,68.53,HIGH
166,55.48,7.56,11.47,2.06,68.42,19.19,380.81,195.24,44.04,MEDIUM
131,25.29,20.31,10.69,6.84,64.43,17.98,238.46,458.04,18.28,LOW
55,66.85,5.0,18.73,3.23,45.82,11.51,257.65,394.65,61.13,MEDIUM
207,26.94,13.33,8.77,5.08,56.91,35.73,471.25,382.61,46.2,MEDIUM
101,66.02,15.45,17.66,11.26,44.46,20.5,167.66,311.23,54.98,LOW
21,36.14,6.09,12.26,3.62,68.03,12.09,546.84,320.86,45.28,MEDIUM
216,77.69,24.46,12.71,11.66,60.11,19.24,202.14,326.24,89.3,MEDIUM
30,45.24,9.52,9.63,4.06,75.01,42.08,468.43,321.79,21.85,LOW
253,42.98,11.08,13.6,9.42,49.92,44.06,307.91,285.79,36.83,MEDIUM
214,33.19,11.08,9.88,7.47,47.41,29.32,346.89,493.48,48.03,MEDIUM
138,41.81,9.61,5.59,10.84,58.28,26.64,502.26,371.5,28.66,LOW
39,73.22,5.03,9.08,7.54,81.7,49.11,315.16,392.93,85.2,HIGH
280,79.8,19.59,5.1,7.35,71.97,18.02,365.0,438.78,79.62,HIGH
275,45.26,24.34,19.68,3.95,58.85,18.61,169.72,123.51,44.65,LOW
241,49.67,9.49,19.49,3.66,63.28,21.67,150.94,60.23,50.37,MEDIUM
245,64.71,18.26,10.93,11.16,43.79,16.91,247.92,251.79,68.14,MEDIUM
72,73.74,19.84,15.93,5.28,84.31,25.17,422.23,266.76,64.18,HIGH
299,57.62,21.97,10.19,5.72,69.99,46.43,198.51,418.01,55.01,HIGH
100,46.53,13.45,15.07,9.6,52.84,34.61,195.5,233.02,50.24,LOW
221,47.69,11.06,17.08,5.39,66.36,26.48,314.38,294.01,49.46,LOW
177,63.26,11.51,19.2,11.52,44.93,47.38,409.13,272.99,66.75,MEDIUM
